SEASON_ID,TEAM_ID,TEAM_ABBREVIATION,TEAM_NAME,GAME_ID,GAME_DATE,MATCHUP,WL,MIN,PTS,FGM,FGA,FG_PCT,FG3M,FG3A,FG3_PCT,FTM,FTA,FT_PCT,OREB,DREB,REB,AST,STL,BLK,TOV,PF,PLUS_MINUS
22024,1610612746,LAC,LA Clippers,0022400291,2024-11-27,LAC @ WAS,W,242,121,45,89,0.506,12,33,0.364,19,25,0.76,13,34,47,27,18,4,13,19,25.0
22024,1610612764,WAS,Washington Wizards,0022400291,2024-11-27,WAS vs. LAC,L,242,96,35,85,0.412,8,33,0.242,18,22,0.818,11,29,40,21,9,4,20,18,-25.0
22024,1610612739,CLE,Cleveland Cavaliers,0022400287,2024-11-27,CLE vs. ATL,L,241,124,44,95,0.463,15,48,0.313,21,28,0.75,12,32,44,31,11,5,12,21,-11.0
22024,1610612740,NOP,New Orleans Pelicans,0022400295,2024-11-27,NOP vs. TOR,L,240,93,36,93,0.387,11,35,0.314,10,16,0.625,10,37,47,24,12,4,15,16,-26.0
22024,1610612757,POR,Portland Trail Blazers,0022400288,2024-11-27,POR @ IND,L,239,114,44,87,0.506,16,35,0.457,10,17,0.588,13,25,38,31,6,5,14,18,-7.0
22024,1610612761,TOR,Toronto Raptors,0022400295,2024-11-27,TOR @ NOP,W,241,119,47,95,0.495,21,52,0.404,4,12,0.333,12,40,52,38,11,4,15,16,26.0
22024,1610612741,CHI,Chicago Bulls,0022400289,2024-11-27,CHI @ ORL,L,239,119,46,87,0.529,16,42,0.381,11,16,0.688,7,30,37,30,9,6,18,26,-14.0
22024,1610612743,DEN,Denver Nuggets,0022400298,2024-11-27,DEN @ UTA,W,241,122,46,84,0.548,11,33,0.333,19,23,0.826,10,29,39,30,10,8,10,14,19.0
22024,1610612766,CHA,Charlotte Hornets,0022400286,2024-11-27,CHA vs. MIA,L,241,94,37,98,0.378,17,51,0.333,3,8,0.375,16,27,43,22,10,5,13,19,-4.0
22024,1610612754,IND,Indiana Pacers,0022400288,2024-11-27,IND vs. POR,W,242,121,46,94,0.489,13,32,0.406,16,20,0.8,19,28,47,27,10,10,12,21,7.0
22024,1610612752,NYK,New York Knicks,0022400292,2024-11-27,NYK @ DAL,L,240,114,40,86,0.465,7,29,0.241,27,30,0.9,7,26,33,20,9,3,8,19,-15.0
22024,1610612745,HOU,Houston Rockets,0022400290,2024-11-27,HOU @ PHI,W,264,122,40,88,0.455,10,31,0.323,32,38,0.842,14,37,51,23,10,14,20,19,7.0
22024,1610612748,MIA,Miami Heat,0022400286,2024-11-27,MIA @ CHA,W,240,98,33,73,0.452,14,37,0.378,18,22,0.818,4,40,44,21,6,5,18,9,4.0
22024,1610612755,PHI,Philadelphia 76ers,0022400290,2024-11-27,PHI vs. HOU,L,264,115,43,96,0.448,12,33,0.364,17,23,0.739,10,32,42,19,12,7,14,26,-7.0
22024,1610612759,SAS,San Antonio Spurs,0022400296,2024-11-27,SAS vs. LAL,L,242,101,36,85,0.424,14,40,0.35,15,16,0.938,11,27,38,26,7,4,15,13,-18.0
22024,1610612753,ORL,Orlando Magic,0022400289,2024-11-27,ORL vs. CHI,W,237,133,46,90,0.511,15,39,0.385,26,28,0.929,7,32,39,30,10,8,11,14,14.0
22024,1610612751,BKN,Brooklyn Nets,0022400297,2024-11-27,BKN @ PHX,W,240,127,44,87,0.506,18,42,0.429,21,22,0.955,7,29,36,32,8,1,12,24,10.0
22024,1610612747,LAL,Los Angeles Lakers,0022400296,2024-11-27,LAL @ SAS,W,241,119,48,90,0.533,13,34,0.382,10,10,1.0,11,35,46,31,8,3,13,15,18.0
22024,1610612744,GSW,Golden State Warriors,0022400299,2024-11-27,GSW vs. OKC,L,240,101,35,98,0.357,16,50,0.32,15,21,0.714,18,39,57,25,7,6,14,21,-4.0
22024,1610612762,UTA,Utah Jazz,0022400298,2024-11-27,UTA vs. DEN,L,241,103,38,90,0.422,16,43,0.372,11,18,0.611,21,26,47,25,7,5,18,17,-19.0
22024,1610612750,MIN,Minnesota Timberwolves,0022400294,2024-11-27,MIN vs. SAC,L,241,104,33,74,0.446,14,39,0.359,24,27,0.889,4,29,33,25,11,9,15,19,-11.0
22024,1610612760,OKC,Oklahoma City Thunder,0022400299,2024-11-27,OKC @ GSW,W,240,105,39,85,0.459,11,37,0.297,16,26,0.615,8,40,48,26,10,9,14,21,4.0
22024,1610612742,DAL,Dallas Mavericks,0022400292,2024-11-27,DAL vs. NYK,W,241,129,48,85,0.565,17,33,0.515,16,21,0.762,10,33,43,27,6,4,13,25,15.0
22024,1610612763,MEM,Memphis Grizzlies,0022400293,2024-11-27,MEM vs. DET,W,239,131,51,93,0.548,17,46,0.37,12,16,0.75,10,32,42,31,13,4,16,21,20.0
22024,1610612756,PHX,Phoenix Suns,0022400297,2024-11-27,PHX vs. BKN,L,241,117,41,77,0.532,12,31,0.387,23,28,0.821,3,34,37,25,7,5,17,26,-10.0
22024,1610612765,DET,Detroit Pistons,0022400293,2024-11-27,DET @ MEM,L,240,111,40,85,0.471,13,38,0.342,18,25,0.72,9,33,42,24,6,4,18,17,-20.0
22024,1610612737,ATL,Atlanta Hawks,0022400287,2024-11-27,ATL @ CLE,W,240,135,46,97,0.474,20,42,0.476,23,25,0.92,14,37,51,39,6,6,13,21,11.0
22024,1610612758,SAC,Sacramento Kings,0022400294,2024-11-27,SAC @ MIN,W,239,115,46,94,0.489,12,37,0.324,11,15,0.733,12,35,47,28,8,3,16,21,11.0
22024,1610612750,MIN,Minnesota Timberwolves,0022400037,2024-11-26,MIN vs. HOU,L,264,111,42,98,0.429,9,38,0.237,18,20,0.9,14,38,52,21,6,4,17,18,-6.0
22024,1610612749,MIL,Milwaukee Bucks,0022400036,2024-11-26,MIL @ MIA,W,239,106,36,77,0.468,20,42,0.476,14,17,0.824,9,32,41,23,5,7,10,19,3.0
22024,1610612764,WAS,Washington Wizards,0022400035,2024-11-26,WAS vs. CHI,L,241,108,39,91,0.429,10,37,0.27,20,31,0.645,5,38,43,27,7,3,12,18,-19.0
22024,1610612745,HOU,Houston Rockets,0022400037,2024-11-26,HOU @ MIN,W,265,117,45,99,0.455,15,37,0.405,12,13,0.923,7,37,44,31,12,9,10,20,6.0
22024,1610612741,CHI,Chicago Bulls,0022400035,2024-11-26,CHI @ WAS,W,242,127,47,94,0.5,14,40,0.35,19,22,0.864,8,42,50,29,6,4,10,22,19.0
22024,1610612748,MIA,Miami Heat,0022400036,2024-11-26,MIA vs. MIL,L,239,103,35,77,0.455,10,29,0.345,23,30,0.767,9,29,38,26,6,2,8,14,-3.0
22024,1610612762,UTA,Utah Jazz,0022400038,2024-11-26,UTA vs. SAS,L,240,115,43,84,0.512,13,35,0.371,16,20,0.8,10,31,41,24,6,4,21,20,-13.0
22024,1610612759,SAS,San Antonio Spurs,0022400038,2024-11-26,SAS @ UTA,W,240,128,45,93,0.484,18,48,0.375,20,26,0.769,13,26,39,30,12,5,10,17,13.0
22024,1610612756,PHX,Phoenix Suns,0022400039,2024-11-26,PHX vs. LAL,W,239,127,51,99,0.515,17,42,0.405,8,10,0.8,8,38,46,31,9,3,9,18,27.0
22024,1610612747,LAL,Los Angeles Lakers,0022400039,2024-11-26,LAL @ PHX,L,241,100,37,85,0.435,8,34,0.235,18,25,0.72,7,35,42,25,7,6,12,11,-27.0
22024,1610612743,DEN,Denver Nuggets,0022400283,2024-11-25,DEN vs. NYK,L,240,118,41,92,0.446,11,33,0.333,25,27,0.926,10,23,33,23,5,3,11,18,-27.0
22024,1610612742,DAL,Dallas Mavericks,0022400280,2024-11-25,DAL @ ATL,W,239,129,47,94,0.5,16,35,0.457,19,22,0.864,10,41,51,24,6,8,17,13,10.0
22024,1610612751,BKN,Brooklyn Nets,0022400284,2024-11-25,BKN @ GSW,W,240,128,41,83,0.494,20,45,0.444,26,30,0.867,7,35,42,23,6,3,11,18,8.0
22024,1610612765,DET,Detroit Pistons,0022400278,2024-11-25,DET vs. TOR,W,239,102,34,76,0.447,12,37,0.324,22,31,0.71,6,32,38,27,4,7,14,19,2.0
22024,1610612758,SAC,Sacramento Kings,0022400285,2024-11-25,SAC vs. OKC,L,240,109,42,87,0.483,8,32,0.25,17,23,0.739,9,22,31,24,10,4,12,22,-21.0
22024,1610612760,OKC,Oklahoma City Thunder,0022400285,2024-11-25,OKC @ SAC,W,241,130,48,86,0.558,14,31,0.452,20,25,0.8,11,33,44,28,6,3,15,18,21.0
22024,1610612738,BOS,Boston Celtics,0022400281,2024-11-25,BOS vs. LAC,W,240,126,45,88,0.511,22,51,0.431,14,20,0.7,8,39,47,33,10,11,11,12,32.0
22024,1610612763,MEM,Memphis Grizzlies,0022400282,2024-11-25,MEM vs. POR,W,241,123,43,87,0.494,12,28,0.429,25,34,0.735,16,44,60,35,7,13,18,20,25.0
22024,1610612752,NYK,New York Knicks,0022400283,2024-11-25,NYK @ DEN,W,240,145,56,92,0.609,19,36,0.528,14,16,0.875,8,35,43,45,5,4,9,23,27.0
22024,1610612753,ORL,Orlando Magic,0022400277,2024-11-25,ORL @ CHA,W,239,95,37,94,0.394,12,46,0.261,9,17,0.529,13,26,39,21,12,6,8,21,11.0
22024,1610612757,POR,Portland Trail Blazers,0022400282,2024-11-25,POR @ MEM,L,241,98,34,102,0.333,8,46,0.174,22,28,0.786,19,25,44,22,10,7,11,21,-25.0
22024,1610612737,ATL,Atlanta Hawks,0022400280,2024-11-25,ATL vs. DAL,L,240,119,48,101,0.475,9,31,0.29,14,16,0.875,9,30,39,32,10,6,14,15,-10.0
22024,1610612754,IND,Indiana Pacers,0022400279,2024-11-25,IND vs. NOP,W,240,114,43,91,0.473,17,47,0.362,11,16,0.688,7,34,41,30,10,2,13,16,4.0
22024,1610612744,GSW,Golden State Warriors,0022400284,2024-11-25,GSW vs. BKN,L,241,120,45,93,0.484,19,46,0.413,11,17,0.647,11,32,43,32,8,5,12,21,-8.0
22024,1610612761,TOR,Toronto Raptors,0022400278,2024-11-25,TOR @ DET,L,241,100,41,104,0.394,10,35,0.286,8,10,0.8,23,27,50,26,7,5,9,27,-2.0
22024,1610612766,CHA,Charlotte Hornets,0022400277,2024-11-25,CHA vs. ORL,L,240,84,31,75,0.413,7,32,0.219,15,19,0.789,13,39,52,14,6,5,26,20,-11.0
22024,1610612746,LAC,LA Clippers,0022400281,2024-11-25,LAC @ BOS,L,240,94,39,90,0.433,7,26,0.269,9,13,0.692,10,34,44,18,8,3,13,12,-32.0
22024,1610612740,NOP,New Orleans Pelicans,0022400279,2024-11-25,NOP @ IND,L,241,110,45,87,0.517,9,33,0.273,11,19,0.579,8,36,44,35,9,3,15,16,-4.0
22024,1610612742,DAL,Dallas Mavericks,0022400273,2024-11-24,DAL @ MIA,L,265,118,44,105,0.419,10,40,0.25,20,25,0.8,15,44,59,29,6,9,13,24,-5.0
22024,1610612764,WAS,Washington Wizards,0022400272,2024-11-24,WAS @ IND,L,238,103,36,79,0.456,11,35,0.314,20,25,0.8,8,33,41,24,8,5,16,19,-12.0
22024,1610612755,PHI,Philadelphia 76ers,0022400274,2024-11-24,PHI vs. LAC,L,241,99,34,86,0.395,9,39,0.231,22,26,0.846,13,20,33,22,8,5,13,17,-26.0
22024,1610612754,IND,Indiana Pacers,0022400272,2024-11-24,IND vs. WAS,W,240,115,41,86,0.477,12,27,0.444,21,27,0.778,12,33,45,31,8,3,11,18,12.0
22024,1610612751,BKN,Brooklyn Nets,0022400276,2024-11-24,BKN @ SAC,W,240,108,36,75,0.48,19,39,0.487,17,25,0.68,6,25,31,24,7,5,12,23,5.0
22024,1610612748,MIA,Miami Heat,0022400273,2024-11-24,MIA vs. DAL,W,266,123,46,107,0.43,14,41,0.341,17,27,0.63,12,45,57,27,6,6,9,22,5.0
22024,1610612761,TOR,Toronto Raptors,0022400275,2024-11-24,TOR @ CLE,L,239,108,37,92,0.402,12,39,0.308,22,34,0.647,19,36,55,22,9,5,14,18,-14.0
22024,1610612758,SAC,Sacramento Kings,0022400276,2024-11-24,SAC vs. BKN,L,240,103,37,77,0.481,9,25,0.36,20,31,0.645,11,33,44,21,6,6,16,22,-5.0
22024,1610612738,BOS,Boston Celtics,0022400271,2024-11-24,BOS vs. MIN,W,239,107,37,87,0.425,21,56,0.375,12,15,0.8,8,32,40,25,5,7,6,23,2.0
22024,1610612750,MIN,Minnesota Timberwolves,0022400271,2024-11-24,MIN @ BOS,L,240,105,37,88,0.42,15,41,0.366,16,21,0.762,11,38,49,19,2,1,8,18,-2.0
22024,1610612739,CLE,Cleveland Cavaliers,0022400275,2024-11-24,CLE vs. TOR,W,241,122,48,97,0.495,16,41,0.39,10,14,0.714,14,35,49,27,11,4,13,21,14.0
22024,1610612746,LAC,LA Clippers,0022400274,2024-11-24,LAC @ PHI,W,240,125,47,81,0.58,12,30,0.4,19,25,0.76,10,34,44,31,9,5,17,22,26.0
22024,1610612743,DEN,Denver Nuggets,0022400270,2024-11-23,DEN @ LAL,W,240,127,50,82,0.61,16,32,0.5,11,19,0.579,8,40,48,37,7,2,17,18,25.0
22024,1610612765,DET,Detroit Pistons,0022400265,2024-11-23,DET @ ORL,L,242,100,35,75,0.467,13,33,0.394,17,22,0.773,10,24,34,16,7,8,17,21,-11.0
22024,1610612759,SAS,San Antonio Spurs,0022400269,2024-11-23,SAS vs. GSW,W,241,104,38,85,0.447,13,47,0.277,15,19,0.789,9,39,48,29,5,9,8,16,10.0
22024,1610612747,LAL,Los Angeles Lakers,0022400270,2024-11-23,LAL vs. DEN,L,239,102,39,88,0.443,13,36,0.361,11,14,0.786,6,26,32,27,11,3,15,16,-25.0
22024,1610612757,POR,Portland Trail Blazers,0022400267,2024-11-23,POR @ HOU,W,239,104,34,90,0.378,18,44,0.409,18,23,0.783,16,37,53,16,5,12,16,26,6.0
22024,1610612741,CHI,Chicago Bulls,0022400266,2024-11-23,CHI vs. MEM,L,240,131,49,97,0.505,19,42,0.452,14,19,0.737,10,25,35,29,4,8,11,14,-11.0
22024,1610612766,CHA,Charlotte Hornets,0022400268,2024-11-23,CHA @ MIL,L,239,119,41,100,0.41,19,47,0.404,18,21,0.857,14,34,48,22,6,5,10,21,-6.0
22024,1610612752,NYK,New York Knicks,0022400264,2024-11-23,NYK @ UTA,L,240,106,39,100,0.39,17,51,0.333,11,12,0.917,11,29,40,25,10,10,9,19,-15.0
22024,1610612762,UTA,Utah Jazz,0022400264,2024-11-23,UTA vs. NYK,W,241,121,44,87,0.506,19,34,0.559,14,19,0.737,9,43,52,30,4,4,18,19,15.0
22024,1610612744,GSW,Golden State Warriors,0022400269,2024-11-23,GSW @ SAS,L,241,94,36,95,0.379,14,44,0.318,8,13,0.615,17,32,49,29,4,3,10,21,-10.0
22024,1610612749,MIL,Milwaukee Bucks,0022400268,2024-11-23,MIL vs. CHA,W,241,125,43,89,0.483,18,37,0.486,21,26,0.808,10,41,51,20,3,9,14,22,6.0
22024,1610612745,HOU,Houston Rockets,0022400267,2024-11-23,HOU vs. POR,L,240,98,32,90,0.356,8,32,0.25,26,33,0.788,14,29,43,17,8,5,9,19,-6.0
22024,1610612753,ORL,Orlando Magic,0022400265,2024-11-23,ORL vs. DET,W,241,111,40,87,0.46,12,39,0.308,19,22,0.864,17,27,44,25,13,9,13,20,11.0
22024,1610612763,MEM,Memphis Grizzlies,0022400266,2024-11-23,MEM @ CHI,W,240,142,55,96,0.573,19,42,0.452,13,20,0.65,13,36,49,38,5,4,11,18,11.0
22024,1610612745,HOU,Houston Rockets,0022400031,2024-11-22,HOU vs. POR,W,241,116,42,93,0.452,15,39,0.385,17,25,0.68,13,38,51,27,14,5,17,20,28.0
22024,1610612743,DEN,Denver Nuggets,0022400033,2024-11-22,DEN vs. DAL,L,240,120,43,90,0.478,15,29,0.517,19,29,0.655,15,27,42,33,4,7,13,19,-3.0
22024,1610612758,SAC,Sacramento Kings,0022400034,2024-11-22,SAC @ LAC,L,239,88,32,83,0.386,7,35,0.2,17,24,0.708,8,40,48,19,5,8,15,13,-16.0
22024,1610612764,WAS,Washington Wizards,0022400028,2024-11-22,WAS vs. BOS,L,239,96,39,90,0.433,7,28,0.25,11,16,0.688,10,38,48,19,6,4,19,29,-12.0
22024,1610612757,POR,Portland Trail Blazers,0022400031,2024-11-22,POR @ HOU,L,240,88,30,91,0.33,11,43,0.256,17,22,0.773,13,32,45,17,9,8,20,20,-28.0
22024,1610612741,CHI,Chicago Bulls,0022400030,2024-11-22,CHI vs. ATL,W,239,136,49,86,0.57,19,43,0.442,19,21,0.905,5,36,41,36,8,10,19,17,14.0
22024,1610612755,PHI,Philadelphia 76ers,0022400027,2024-11-22,PHI vs. BKN,W,242,113,41,92,0.446,16,43,0.372,15,20,0.75,15,25,40,25,13,9,11,16,15.0
22024,1610612746,LAC,LA Clippers,0022400034,2024-11-22,LAC vs. SAC,W,239,104,39,94,0.415,10,42,0.238,16,16,1.0,11,43,54,27,13,3,12,24,16.0
22024,1610612749,MIL,Milwaukee Bucks,0022400029,2024-11-22,MIL vs. IND,W,242,129,48,90,0.533,17,36,0.472,16,20,0.8,10,34,44,33,10,4,17,19,12.0
22024,1610612740,NOP,New Orleans Pelicans,0022400032,2024-11-22,NOP vs. GSW,L,241,108,41,92,0.446,12,39,0.308,14,22,0.636,13,30,43,28,10,9,9,25,-4.0
22024,1610612738,BOS,Boston Celtics,0022400028,2024-11-22,BOS @ WAS,W,240,108,36,85,0.424,11,46,0.239,25,32,0.781,10,33,43,22,11,7,12,19,12.0
22024,1610612737,ATL,Atlanta Hawks,0022400030,2024-11-22,ATL @ CHI,L,240,122,49,107,0.458,10,34,0.294,14,19,0.737,14,28,42,32,11,4,11,16,-14.0
22024,1610612744,GSW,Golden State Warriors,0022400032,2024-11-22,GSW @ NOP,W,239,112,39,87,0.448,12,37,0.324,22,29,0.759,14,38,52,27,5,5,16,19,4.0
22024,1610612754,IND,Indiana Pacers,0022400029,2024-11-22,IND @ MIL,L,242,117,43,91,0.473,11,34,0.324,20,27,0.741,14,32,46,30,11,6,15,17,-12.0
22024,1610612751,BKN,Brooklyn Nets,0022400027,2024-11-22,BKN @ PHI,L,241,98,39,79,0.494,13,37,0.351,7,7,1.0,7,27,34,28,1,4,19,17,-15.0
22024,1610612742,DAL,Dallas Mavericks,0022400033,2024-11-22,DAL @ DEN,W,239,123,46,91,0.505,10,27,0.37,21,27,0.778,12,32,44,24,11,5,13,22,3.0
22024,1610612753,ORL,Orlando Magic,0022400263,2024-11-21,ORL @ LAL,W,240,119,43,91,0.473,15,40,0.375,18,21,0.857,15,33,48,31,8,5,16,25,1.0
22024,1610612766,CHA,Charlotte Hornets,0022400260,2024-11-21,CHA vs. DET,W,266,123,44,93,0.473,20,44,0.455,15,21,0.714,11,32,43,23,12,5,15,22,2.0
22024,1610612765,DET,Detroit Pistons,0022400260,2024-11-21,DET @ CHA,L,265,121,42,99,0.424,17,48,0.354,20,25,0.8,21,35,56,30,8,3,19,23,-2.0
22024,1610612759,SAS,San Antonio Spurs,0022400262,2024-11-21,SAS vs. UTA,W,239,126,41,88,0.466,9,32,0.281,35,46,0.761,11,40,51,32,8,9,11,20,8.0
22024,1610612761,TOR,Toronto Raptors,0022400261,2024-11-21,TOR vs. MIN,W,239,110,37,72,0.514,7,23,0.304,29,39,0.744,10,33,43,22,11,1,17,24,5.0
22024,1610612750,MIN,Minnesota Timberwolves,0022400261,2024-11-21,MIN @ TOR,L,240,105,33,80,0.413,12,35,0.343,27,33,0.818,10,30,40,16,12,5,17,24,-5.0
22024,1610612747,LAL,Los Angeles Lakers,0022400263,2024-11-21,LAL vs. ORL,L,240,118,44,87,0.506,13,31,0.419,17,26,0.654,9,27,36,21,4,6,10,15,-1.0
22024,1610612762,UTA,Utah Jazz,0022400262,2024-11-21,UTA @ SAS,L,241,118,41,98,0.418,13,45,0.289,23,26,0.885,12,37,49,22,4,7,14,29,-8.0
22024,1610612753,ORL,Orlando Magic,0022400259,2024-11-20,ORL @ LAC,L,239,93,33,75,0.44,8,35,0.229,19,24,0.792,2,22,24,21,11,7,14,17,-11.0
22024,1610612740,NOP,New Orleans Pelicans,0022400252,2024-11-20,NOP @ CLE,L,240,100,39,92,0.424,8,31,0.258,14,22,0.636,16,24,40,23,9,3,11,11,-28.0
22024,1610612741,CHI,Chicago Bulls,0022400253,2024-11-20,CHI @ MIL,L,242,106,41,88,0.466,17,45,0.378,7,7,1.0,5,28,33,25,7,2,14,23,-16.0
22024,1610612744,GSW,Golden State Warriors,0022400258,2024-11-20,GSW vs. ATL,W,239,120,47,101,0.465,14,40,0.35,12,18,0.667,9,45,54,36,10,7,15,17,23.0
22024,1610612746,LAC,LA Clippers,0022400259,2024-11-20,LAC vs. ORL,W,241,104,38,77,0.494,11,22,0.5,17,21,0.81,15,34,49,22,10,1,22,22,11.0
22024,1610612754,IND,Indiana Pacers,0022400254,2024-11-20,IND @ HOU,L,240,113,44,83,0.53,5,22,0.227,20,25,0.8,3,33,36,19,7,9,23,24,-17.0
22024,1610612749,MIL,Milwaukee Bucks,0022400253,2024-11-20,MIL vs. CHI,W,241,122,44,80,0.55,13,36,0.361,21,31,0.677,10,35,45,30,7,2,11,13,16.0
22024,1610612757,POR,Portland Trail Blazers,0022400256,2024-11-20,POR @ OKC,L,240,99,32,79,0.405,15,38,0.395,20,28,0.714,16,33,49,18,6,7,22,20,-10.0
22024,1610612745,HOU,Houston Rockets,0022400254,2024-11-20,HOU vs. IND,W,238,130,47,102,0.461,12,36,0.333,24,33,0.727,13,34,47,25,16,2,13,21,17.0
22024,1610612739,CLE,Cleveland Cavaliers,0022400252,2024-11-20,CLE vs. NOP,W,240,128,49,93,0.527,18,42,0.429,12,14,0.857,16,36,52,29,10,9,11,16,28.0
22024,1610612756,PHX,Phoenix Suns,0022400257,2024-11-20,PHX vs. NYK,L,242,122,45,92,0.489,19,50,0.38,13,17,0.765,11,23,34,30,9,2,14,16,-16.0
22024,1610612752,NYK,New York Knicks,0022400257,2024-11-20,NYK @ PHX,W,240,138,50,86,0.581,19,39,0.487,19,21,0.905,10,31,41,30,10,0,13,15,16.0
22024,1610612755,PHI,Philadelphia 76ers,0022400255,2024-11-20,PHI @ MEM,L,240,111,39,87,0.448,11,33,0.333,22,24,0.917,14,27,41,21,12,6,14,19,-6.0
22024,1610612737,ATL,Atlanta Hawks,0022400258,2024-11-20,ATL @ GSW,L,238,97,35,105,0.333,12,45,0.267,15,24,0.625,21,44,65,27,9,5,17,17,-23.0
22024,1610612760,OKC,Oklahoma City Thunder,0022400256,2024-11-20,OKC vs. POR,W,240,109,40,91,0.44,9,31,0.29,20,23,0.87,15,31,46,24,14,8,13,20,10.0
22024,1610612763,MEM,Memphis Grizzlies,0022400255,2024-11-20,MEM vs. PHI,W,239,117,41,85,0.482,19,43,0.442,16,16,1.0,9,32,41,29,5,6,19,17,6.0
22024,1610612762,UTA,Utah Jazz,0022400026,2024-11-19,UTA @ LAL,L,239,118,45,90,0.5,12,36,0.333,16,19,0.842,11,31,42,28,9,0,14,24,-6.0
22024,1610612743,DEN,Denver Nuggets,0022400023,2024-11-19,DEN @ MEM,W,239,122,48,100,0.48,12,36,0.333,14,22,0.636,13,40,53,29,15,6,18,29,12.0
22024,1610612763,MEM,Memphis Grizzlies,0022400023,2024-11-19,MEM vs. DEN,L,239,110,41,103,0.398,9,38,0.237,19,31,0.613,19,36,55,24,9,10,22,24,-12.0
22024,1610612747,LAL,Los Angeles Lakers,0022400026,2024-11-19,LAL vs. UTA,W,240,124,42,76,0.553,14,31,0.452,26,36,0.722,6,28,34,30,9,5,14,16,6.0
22024,1610612759,SAS,San Antonio Spurs,0022400025,2024-11-19,SAS vs. OKC,W,239,110,39,83,0.47,19,46,0.413,13,19,0.684,8,38,46,32,5,5,21,13,6.0
22024,1610612739,CLE,Cleveland Cavaliers,0022400021,2024-11-19,CLE @ BOS,L,239,117,46,93,0.495,10,29,0.345,15,17,0.882,12,29,41,30,4,3,7,15,-3.0
22024,1610612766,CHA,Charlotte Hornets,0022400022,2024-11-19,CHA @ BKN,L,241,115,38,82,0.463,20,37,0.541,19,22,0.864,13,31,44,25,6,8,21,20,-1.0
22024,1610612742,DAL,Dallas Mavericks,0022400024,2024-11-19,DAL vs. NOP,W,239,132,49,94,0.521,14,31,0.452,20,25,0.8,14,34,48,26,12,7,11,15,41.0
22024,1610612760,OKC,Oklahoma City Thunder,0022400025,2024-11-19,OKC @ SAS,L,239,104,41,100,0.41,16,53,0.302,6,7,0.857,13,34,47,24,16,4,13,18,-6.0
22024,1610612751,BKN,Brooklyn Nets,0022400022,2024-11-19,BKN vs. CHA,W,239,116,42,85,0.494,18,41,0.439,14,19,0.737,10,26,36,31,8,8,13,19,1.0
22024,1610612738,BOS,Boston Celtics,0022400021,2024-11-19,BOS vs. CLE,W,240,120,44,86,0.512,22,41,0.537,10,14,0.714,9,33,42,32,4,4,13,19,3.0
22024,1610612740,NOP,New Orleans Pelicans,0022400024,2024-11-19,NOP @ DAL,L,240,91,31,78,0.397,11,32,0.344,18,21,0.857,7,30,37,19,9,4,21,22,-41.0
22024,1610612744,GSW,Golden State Warriors,0022400251,2024-11-18,GSW @ LAC,L,241,99,37,84,0.44,16,44,0.364,9,19,0.474,9,36,45,27,12,4,19,14,-3.0
22024,1610612754,IND,Indiana Pacers,0022400247,2024-11-18,IND @ TOR,L,240,119,44,99,0.444,15,40,0.375,16,20,0.8,12,20,32,29,17,5,10,19,-11.0
22024,1610612764,WAS,Washington Wizards,0022400246,2024-11-18,WAS @ NYK,L,241,106,43,91,0.473,11,33,0.333,9,16,0.563,12,29,41,23,5,3,10,19,-28.0
22024,1610612765,DET,Detroit Pistons,0022400244,2024-11-18,DET vs. CHI,L,239,112,42,98,0.429,15,44,0.341,13,19,0.684,16,32,48,27,3,3,9,19,-10.0
22024,1610612745,HOU,Houston Rockets,0022400248,2024-11-18,HOU @ MIL,L,240,100,40,100,0.4,9,32,0.281,11,13,0.846,16,37,53,19,9,6,12,15,-1.0
22024,1610612755,PHI,Philadelphia 76ers,0022400245,2024-11-18,PHI @ MIA,L,242,89,35,84,0.417,10,41,0.244,9,12,0.75,2,40,42,25,10,3,14,17,-17.0
22024,1610612758,SAC,Sacramento Kings,0022400250,2024-11-18,SAC vs. ATL,L,239,108,37,85,0.435,20,46,0.435,14,19,0.737,9,36,45,24,9,4,17,20,-1.0
22024,1610612746,LAC,LA Clippers,0022400251,2024-11-18,LAC vs. GSW,W,240,102,35,82,0.427,16,34,0.471,16,18,0.889,5,39,44,29,10,6,17,13,3.0
22024,1610612741,CHI,Chicago Bulls,0022400244,2024-11-18,CHI @ DET,W,240,122,44,91,0.484,23,46,0.5,11,14,0.786,10,36,46,28,3,5,10,16,10.0
22024,1610612737,ATL,Atlanta Hawks,0022400250,2024-11-18,ATL @ SAC,W,239,109,39,83,0.47,16,38,0.421,15,18,0.833,6,31,37,34,7,7,14,19,1.0
22024,1610612753,ORL,Orlando Magic,0022400249,2024-11-18,ORL @ PHX,W,239,109,39,76,0.513,11,29,0.379,20,25,0.8,8,30,38,28,5,7,10,19,10.0
22024,1610612749,MIL,Milwaukee Bucks,0022400248,2024-11-18,MIL vs. HOU,W,241,101,38,83,0.458,13,33,0.394,12,19,0.632,4,39,43,21,8,8,15,18,1.0
22024,1610612761,TOR,Toronto Raptors,0022400247,2024-11-18,TOR vs. IND,W,242,130,48,82,0.585,14,29,0.483,20,28,0.714,10,36,46,27,5,9,23,26,11.0
22024,1610612752,NYK,New York Knicks,0022400246,2024-11-18,NYK vs. WAS,W,241,134,51,91,0.56,20,40,0.5,12,13,0.923,7,34,41,37,4,1,8,12,28.0
22024,1610612748,MIA,Miami Heat,0022400245,2024-11-18,MIA vs. PHI,W,242,106,36,87,0.414,13,44,0.295,21,23,0.913,9,44,53,26,10,2,13,13,17.0
22024,1610612756,PHX,Phoenix Suns,0022400249,2024-11-18,PHX vs. ORL,L,239,99,35,83,0.422,12,41,0.293,17,25,0.68,16,29,45,25,5,2,13,21,-10.0
22024,1610612739,CLE,Cleveland Cavaliers,0022400236,2024-11-17,CLE vs. CHA,W,241,128,44,77,0.571,13,30,0.433,27,28,0.964,9,39,48,26,3,4,20,15,14.0
22024,1610612752,NYK,New York Knicks,0022400240,2024-11-17,NYK vs. BKN,W,240,114,43,88,0.489,13,40,0.325,15,19,0.789,10,37,47,33,4,5,6,23,10.0
22024,1610612751,BKN,Brooklyn Nets,0022400240,2024-11-17,BKN @ NYK,L,238,104,32,76,0.421,17,41,0.415,23,30,0.767,7,28,35,31,1,3,9,19,-10.0
22024,1610612746,LAC,LA Clippers,0022400243,2024-11-17,LAC vs. UTA,W,240,116,46,94,0.489,11,40,0.275,13,17,0.765,14,27,41,30,11,5,9,11,11.0
22024,1610612763,MEM,Memphis Grizzlies,0022400238,2024-11-17,MEM vs. DEN,W,240,105,41,91,0.451,13,39,0.333,10,12,0.833,10,35,45,31,10,10,12,15,15.0
22024,1610612737,ATL,Atlanta Hawks,0022400239,2024-11-17,ATL @ POR,L,240,110,39,85,0.459,11,32,0.344,21,25,0.84,16,31,47,30,10,7,25,19,-4.0
22024,1610612756,PHX,Phoenix Suns,0022400234,2024-11-17,PHX @ MIN,L,240,117,46,85,0.541,14,31,0.452,11,15,0.733,12,29,41,29,9,2,19,26,-3.0
22024,1610612741,CHI,Chicago Bulls,0022400241,2024-11-17,CHI vs. HOU,L,239,107,36,107,0.336,14,56,0.25,21,22,0.955,13,34,47,26,8,7,13,21,-36.0
22024,1610612766,CHA,Charlotte Hornets,0022400236,2024-11-17,CHA @ CLE,L,240,114,42,103,0.408,20,52,0.385,10,12,0.833,17,23,40,34,12,6,9,23,-14.0
22024,1610612750,MIN,Minnesota Timberwolves,0022400234,2024-11-17,MIN vs. PHX,W,240,120,42,80,0.525,17,39,0.436,19,26,0.731,9,23,32,27,8,6,14,13,3.0
22024,1610612762,UTA,Utah Jazz,0022400243,2024-11-17,UTA @ LAC,L,241,105,39,79,0.494,12,40,0.3,15,18,0.833,9,32,41,24,7,1,18,14,-11.0
22024,1610612754,IND,Indiana Pacers,0022400235,2024-11-17,IND vs. MIA,W,240,119,44,85,0.518,13,29,0.448,18,20,0.9,10,35,45,30,6,6,10,16,9.0
22024,1610612743,DEN,Denver Nuggets,0022400238,2024-11-17,DEN @ MEM,L,237,90,35,84,0.417,10,31,0.323,10,14,0.714,6,33,39,23,9,5,14,12,-15.0
22024,1610612742,DAL,Dallas Mavericks,0022400242,2024-11-17,DAL @ OKC,W,240,121,40,84,0.476,11,27,0.407,30,36,0.833,18,35,53,18,4,5,16,20,2.0
22024,1610612764,WAS,Washington Wizards,0022400237,2024-11-17,WAS vs. DET,L,241,104,39,83,0.47,12,27,0.444,14,20,0.7,5,34,39,21,6,3,17,16,-20.0
22024,1610612757,POR,Portland Trail Blazers,0022400239,2024-11-17,POR vs. ATL,W,241,114,44,95,0.463,14,38,0.368,12,19,0.632,18,22,40,31,16,10,20,21,4.0
22024,1610612745,HOU,Houston Rockets,0022400241,2024-11-17,HOU @ CHI,W,240,143,55,105,0.524,10,34,0.294,23,32,0.719,14,52,66,34,8,9,10,18,36.0
22024,1610612765,DET,Detroit Pistons,0022400237,2024-11-17,DET @ WAS,W,239,124,46,97,0.474,17,38,0.447,15,19,0.789,13,38,51,27,11,4,8,19,20.0
22024,1610612760,OKC,Oklahoma City Thunder,0022400242,2024-11-17,OKC vs. DAL,L,240,119,43,87,0.494,14,42,0.333,19,25,0.76,7,22,29,29,11,5,6,25,-2.0
22024,1610612748,MIA,Miami Heat,0022400235,2024-11-17,MIA @ IND,L,240,110,36,90,0.4,19,43,0.442,19,20,0.95,15,23,38,21,4,1,10,13,-9.0
22024,1610612740,NOP,New Orleans Pelicans,0022400231,2024-11-16,NOP vs. LAL,L,242,99,35,83,0.422,11,29,0.379,18,23,0.783,18,32,50,24,7,4,17,19,-5.0
22024,1610612766,CHA,Charlotte Hornets,0022400229,2024-11-16,CHA vs. MIL,W,240,115,41,93,0.441,15,42,0.357,18,21,0.857,16,37,53,25,7,4,10,16,1.0
22024,1610612762,UTA,Utah Jazz,0022400233,2024-11-16,UTA @ SAC,L,239,117,37,75,0.493,12,26,0.462,31,42,0.738,11,22,33,16,11,3,13,20,-4.0
22024,1610612759,SAS,San Antonio Spurs,0022400232,2024-11-16,SAS @ DAL,L,240,93,28,88,0.318,11,40,0.275,26,30,0.867,13,32,45,21,10,9,11,17,-17.0
22024,1610612738,BOS,Boston Celtics,0022400230,2024-11-16,BOS vs. TOR,W,265,126,44,99,0.444,21,61,0.344,17,19,0.895,14,28,42,30,2,6,9,20,3.0
22024,1610612749,MIL,Milwaukee Bucks,0022400229,2024-11-16,MIL @ CHA,L,240,114,47,92,0.511,15,36,0.417,5,11,0.455,8,32,40,31,6,6,9,18,-1.0
22024,1610612742,DAL,Dallas Mavericks,0022400232,2024-11-16,DAL vs. SAS,W,240,110,44,94,0.468,8,31,0.258,14,18,0.778,13,40,53,26,9,7,14,18,17.0
22024,1610612761,TOR,Toronto Raptors,0022400230,2024-11-16,TOR @ BOS,L,265,123,50,98,0.51,9,23,0.391,14,21,0.667,15,31,46,35,3,2,9,19,-3.0
22024,1610612747,LAL,Los Angeles Lakers,0022400231,2024-11-16,LAL @ NOP,W,240,104,39,89,0.438,12,40,0.3,14,18,0.778,17,26,43,24,10,3,11,14,5.0
22024,1610612758,SAC,Sacramento Kings,0022400233,2024-11-16,SAC vs. UTA,W,240,121,42,83,0.506,19,41,0.463,18,25,0.72,9,26,35,24,6,3,14,29,4.0
22024,1610612753,ORL,Orlando Magic,0022400010,2024-11-15,ORL vs. PHI,W,239,98,34,78,0.436,11,37,0.297,19,22,0.864,11,32,43,15,11,6,17,21,12.0
22024,1610612755,PHI,Philadelphia 76ers,0022400010,2024-11-15,PHI @ ORL,L,239,86,29,72,0.403,10,31,0.323,18,21,0.857,6,28,34,19,10,3,16,23,-12.0
22024,1610612764,WAS,Washington Wizards,0022400012,2024-11-15,WAS @ ATL,L,240,117,43,106,0.406,15,43,0.349,16,21,0.762,13,39,52,28,11,5,15,23,-12.0
22024,1610612752,NYK,New York Knicks,0022400014,2024-11-15,NYK vs. BKN,W,240,124,44,83,0.53,13,38,0.342,23,28,0.821,8,37,45,25,7,6,13,21,2.0
22024,1610612739,CLE,Cleveland Cavaliers,0022400013,2024-11-15,CLE vs. CHI,W,241,144,51,93,0.548,21,43,0.488,21,24,0.875,4,36,40,33,11,6,13,16,18.0
22024,1610612760,OKC,Oklahoma City Thunder,0022400018,2024-11-15,OKC vs. PHX,W,240,99,36,91,0.396,10,40,0.25,17,18,0.944,13,40,53,21,6,11,10,26,16.0
22024,1610612740,NOP,New Orleans Pelicans,0022400017,2024-11-15,NOP vs. DEN,W,241,101,37,87,0.425,11,35,0.314,16,18,0.889,17,39,56,21,4,5,14,13,7.0
22024,1610612748,MIA,Miami Heat,0022400009,2024-11-15,MIA @ IND,W,240,124,45,87,0.517,15,42,0.357,19,23,0.826,4,32,36,27,16,1,10,12,13.0
22024,1610612743,DEN,Denver Nuggets,0022400017,2024-11-15,DEN @ NOP,L,240,94,37,87,0.425,10,37,0.27,10,11,0.909,5,33,38,26,10,1,7,16,-7.0
22024,1610612759,SAS,San Antonio Spurs,0022400015,2024-11-15,SAS vs. LAL,L,237,115,43,88,0.489,17,45,0.378,12,16,0.75,11,29,40,32,6,5,13,19,-5.0
22024,1610612758,SAC,Sacramento Kings,0022400020,2024-11-15,SAC vs. MIN,L,266,126,48,96,0.5,12,37,0.324,18,20,0.9,11,40,51,21,6,7,13,17,-4.0
22024,1610612737,ATL,Atlanta Hawks,0022400012,2024-11-15,ATL vs. WAS,W,240,129,46,98,0.469,12,37,0.324,25,30,0.833,15,40,55,28,10,10,16,17,12.0
22024,1610612744,GSW,Golden State Warriors,0022400019,2024-11-15,GSW vs. MEM,W,241,123,43,98,0.439,19,46,0.413,18,25,0.72,14,42,56,33,9,6,19,28,5.0
22024,1610612746,LAC,LA Clippers,0022400016,2024-11-15,LAC @ HOU,L,240,104,34,90,0.378,10,40,0.25,26,33,0.788,13,38,51,12,6,6,14,15,-21.0
22024,1610612754,IND,Indiana Pacers,0022400009,2024-11-15,IND vs. MIA,L,240,111,44,86,0.512,14,35,0.4,9,11,0.818,8,31,39,28,8,4,20,15,-13.0
22024,1610612765,DET,Detroit Pistons,0022400011,2024-11-15,DET @ TOR,W,238,99,39,95,0.411,8,38,0.211,13,20,0.65,14,42,56,24,8,8,13,16,4.0
22024,1610612751,BKN,Brooklyn Nets,0022400014,2024-11-15,BKN @ NYK,L,241,122,39,89,0.438,19,46,0.413,25,28,0.893,10,27,37,27,8,2,9,22,-2.0
22024,1610612745,HOU,Houston Rockets,0022400016,2024-11-15,HOU vs. LAC,W,240,125,46,95,0.484,19,44,0.432,14,18,0.778,9,39,48,31,11,3,12,25,21.0
22024,1610612756,PHX,Phoenix Suns,0022400018,2024-11-15,PHX @ OKC,L,238,83,22,75,0.293,9,37,0.243,30,40,0.75,11,39,50,17,6,4,14,20,-16.0
22024,1610612761,TOR,Toronto Raptors,0022400011,2024-11-15,TOR vs. DET,L,240,95,35,97,0.361,8,31,0.258,17,22,0.773,17,36,53,21,7,6,14,13,-4.0
22024,1610612747,LAL,Los Angeles Lakers,0022400015,2024-11-15,LAL @ SAS,W,241,120,44,88,0.5,14,31,0.452,18,23,0.783,10,31,41,27,10,3,10,11,5.0
22024,1610612741,CHI,Chicago Bulls,0022400013,2024-11-15,CHI @ CLE,L,239,126,45,88,0.511,20,42,0.476,16,20,0.8,3,33,36,32,7,4,17,20,-18.0
22024,1610612750,MIN,Minnesota Timberwolves,0022400020,2024-11-15,MIN @ SAC,W,265,130,48,101,0.475,20,49,0.408,14,16,0.875,10,31,41,26,9,4,11,19,4.0
22024,1610612763,MEM,Memphis Grizzlies,0022400019,2024-11-15,MEM @ GSW,L,240,118,42,103,0.408,7,42,0.167,27,33,0.818,18,36,54,22,8,11,15,21,-5.0
22024,1610612742,DAL,Dallas Mavericks,0022400228,2024-11-14,DAL @ UTA,L,240,113,43,85,0.506,12,39,0.308,15,20,0.75,11,19,30,25,11,10,17,18,-2.0
22024,1610612762,UTA,Utah Jazz,0022400228,2024-11-14,UTA vs. DAL,W,239,115,43,85,0.506,13,34,0.382,16,21,0.762,16,24,40,25,11,2,18,20,2.0
22024,1610612746,LAC,LA Clippers,0022400222,2024-11-13,LAC @ HOU,L,239,103,38,96,0.396,14,38,0.368,13,16,0.813,10,32,42,27,10,3,9,16,-8.0
22024,1610612756,PHX,Phoenix Suns,0022400227,2024-11-13,PHX @ SAC,L,240,104,36,97,0.371,13,43,0.302,19,26,0.731,19,21,40,23,12,2,10,12,-23.0
22024,1610612754,IND,Indiana Pacers,0022400217,2024-11-13,IND @ ORL,L,242,90,32,84,0.381,10,30,0.333,16,18,0.889,7,34,41,22,10,6,16,19,-4.0
22024,1610612739,CLE,Cleveland Cavaliers,0022400220,2024-11-13,CLE @ PHI,W,239,114,42,85,0.494,16,40,0.4,14,17,0.824,9,37,46,25,8,1,11,14,8.0
22024,1610612738,BOS,Boston Celtics,0022400218,2024-11-13,BOS @ BKN,W,241,139,50,93,0.538,22,46,0.478,17,24,0.708,12,33,45,35,7,6,7,17,25.0
22024,1610612757,POR,Portland Trail Blazers,0022400226,2024-11-13,POR vs. MIN,W,239,106,38,83,0.458,9,25,0.36,21,23,0.913,11,36,47,17,10,10,19,18,8.0
22024,1610612764,WAS,Washington Wizards,0022400224,2024-11-13,WAS @ SAS,L,240,130,49,95,0.516,18,44,0.409,14,16,0.875,11,30,41,27,5,5,18,23,-9.0
22024,1610612759,SAS,San Antonio Spurs,0022400224,2024-11-13,SAS vs. WAS,W,241,139,48,92,0.522,18,44,0.409,25,32,0.781,8,31,39,38,7,7,9,15,9.0
22024,1610612749,MIL,Milwaukee Bucks,0022400223,2024-11-13,MIL vs. DET,W,266,127,45,95,0.474,15,35,0.429,22,25,0.88,9,38,47,26,10,9,11,12,7.0
22024,1610612747,LAL,Los Angeles Lakers,0022400225,2024-11-13,LAL vs. MEM,W,241,128,43,85,0.506,20,41,0.488,22,32,0.688,7,35,42,31,7,5,18,22,5.0
22024,1610612760,OKC,Oklahoma City Thunder,0022400221,2024-11-13,OKC vs. NOP,W,240,106,39,88,0.443,15,39,0.385,13,16,0.813,5,26,31,20,16,7,5,17,18.0
22024,1610612753,ORL,Orlando Magic,0022400217,2024-11-13,ORL vs. IND,W,242,94,34,84,0.405,13,38,0.342,13,15,0.867,13,37,50,26,8,10,17,19,4.0
22024,1610612750,MIN,Minnesota Timberwolves,0022400226,2024-11-13,MIN @ POR,L,240,98,37,94,0.394,7,39,0.179,17,22,0.773,13,28,41,16,12,3,13,19,-8.0
22024,1610612752,NYK,New York Knicks,0022400219,2024-11-13,NYK vs. CHI,L,240,123,48,94,0.511,15,37,0.405,12,18,0.667,10,30,40,31,7,3,15,17,-1.0
22024,1610612741,CHI,Chicago Bulls,0022400219,2024-11-13,CHI @ NYK,W,239,124,44,82,0.537,14,36,0.389,22,27,0.815,7,33,40,31,10,6,18,17,1.0
22024,1610612751,BKN,Brooklyn Nets,0022400218,2024-11-13,BKN vs. BOS,L,239,114,40,79,0.506,19,43,0.442,15,18,0.833,3,31,34,26,4,3,12,20,-25.0
22024,1610612765,DET,Detroit Pistons,0022400223,2024-11-13,DET @ MIL,L,264,120,46,100,0.46,18,38,0.474,10,13,0.769,11,34,45,29,6,7,14,21,-7.0
22024,1610612740,NOP,New Orleans Pelicans,0022400221,2024-11-13,NOP @ OKC,L,239,88,34,86,0.395,9,37,0.243,11,17,0.647,21,37,58,21,3,4,23,15,-18.0
22024,1610612758,SAC,Sacramento Kings,0022400227,2024-11-13,SAC vs. PHX,W,241,127,50,78,0.641,15,28,0.536,12,17,0.706,6,39,45,38,7,8,17,20,23.0
22024,1610612745,HOU,Houston Rockets,0022400222,2024-11-13,HOU vs. LAC,W,239,111,42,97,0.433,15,40,0.375,12,17,0.706,18,41,59,28,8,11,13,17,8.0
22024,1610612763,MEM,Memphis Grizzlies,0022400225,2024-11-13,MEM @ LAL,L,240,123,42,89,0.472,12,33,0.364,27,33,0.818,12,29,41,28,11,6,13,25,-5.0
22024,1610612755,PHI,Philadelphia 76ers,0022400220,2024-11-13,PHI vs. CLE,L,240,106,41,92,0.446,14,43,0.326,10,11,0.909,12,33,45,24,8,2,11,13,-8.0
22024,1610612762,UTA,Utah Jazz,0022400006,2024-11-12,UTA vs. PHX,L,238,112,45,92,0.489,15,38,0.395,7,9,0.778,12,27,39,32,7,3,10,17,-8.0
22024,1610612744,GSW,Golden State Warriors,0022400007,2024-11-12,GSW vs. DAL,W,241,120,45,94,0.479,14,41,0.341,16,27,0.593,18,32,50,29,13,7,12,18,3.0
22024,1610612752,NYK,New York Knicks,0022400004,2024-11-12,NYK @ PHI,W,240,111,44,89,0.494,9,31,0.29,14,15,0.933,8,39,47,31,8,5,15,15,12.0
22024,1610612749,MIL,Milwaukee Bucks,0022400005,2024-11-12,MIL vs. TOR,W,240,99,38,94,0.404,16,56,0.286,7,12,0.583,12,35,47,25,16,9,16,18,14.0
22024,1610612766,CHA,Charlotte Hornets,0022400003,2024-11-12,CHA @ ORL,L,241,89,34,84,0.405,13,38,0.342,8,14,0.571,8,40,48,22,7,3,22,18,-25.0
22024,1610612750,MIN,Minnesota Timberwolves,0022400008,2024-11-12,MIN @ POR,L,240,108,37,73,0.507,13,35,0.371,21,23,0.913,4,28,32,22,13,4,21,22,-14.0
22024,1610612742,DAL,Dallas Mavericks,0022400007,2024-11-12,DAL @ GSW,L,240,117,44,84,0.524,11,34,0.324,18,24,0.75,8,32,40,26,6,1,17,23,-3.0
22024,1610612755,PHI,Philadelphia 76ers,0022400004,2024-11-12,PHI vs. NYK,L,240,99,31,83,0.373,14,42,0.333,23,24,0.958,9,31,40,19,10,6,13,20,-12.0
22024,1610612756,PHX,Phoenix Suns,0022400006,2024-11-12,PHX @ UTA,W,240,120,43,86,0.5,18,39,0.462,16,22,0.727,10,32,42,21,6,11,8,11,8.0
22024,1610612761,TOR,Toronto Raptors,0022400005,2024-11-12,TOR @ MIL,L,240,85,30,86,0.349,9,25,0.36,16,20,0.8,17,37,54,20,11,6,21,11,-14.0
22024,1610612753,ORL,Orlando Magic,0022400003,2024-11-12,ORL vs. CHA,W,241,114,43,93,0.462,13,44,0.295,15,19,0.789,8,35,43,25,12,7,11,21,25.0
22024,1610612757,POR,Portland Trail Blazers,0022400008,2024-11-12,POR vs. MIN,W,240,122,43,84,0.512,18,32,0.563,18,20,0.9,11,28,39,30,14,7,19,23,14.0
22024,1610612765,DET,Detroit Pistons,0022400002,2024-11-12,DET vs. MIA,W,265,123,43,92,0.467,13,36,0.361,24,28,0.857,15,41,56,32,4,4,19,19,2.0
22024,1610612738,BOS,Boston Celtics,0022400001,2024-11-12,BOS vs. ATL,L,239,116,38,75,0.507,18,45,0.4,22,27,0.815,6,28,34,28,7,5,20,12,-1.0
22024,1610612748,MIA,Miami Heat,0022400002,2024-11-12,MIA @ DET,L,266,121,47,101,0.465,17,45,0.378,10,13,0.769,12,31,43,25,14,3,10,22,-2.0
22024,1610612737,ATL,Atlanta Hawks,0022400001,2024-11-12,ATL @ BOS,W,240,117,50,99,0.505,10,32,0.313,7,13,0.538,19,25,44,35,16,2,16,17,1.0
22024,1610612745,HOU,Houston Rockets,0022400213,2024-11-11,HOU vs. WAS,W,240,107,40,87,0.46,5,23,0.217,22,25,0.88,17,41,58,13,12,10,19,17,15.0
22024,1610612764,WAS,Washington Wizards,0022400213,2024-11-11,WAS @ HOU,L,241,92,36,88,0.409,11,31,0.355,9,13,0.692,8,26,34,21,14,5,18,17,-15.0
22024,1610612740,NOP,New Orleans Pelicans,0022400214,2024-11-11,NOP vs. BKN,L,239,105,42,94,0.447,10,30,0.333,11,12,0.917,14,31,45,31,13,4,10,15,-2.0
22024,1610612741,CHI,Chicago Bulls,0022400212,2024-11-11,CHI vs. CLE,L,241,113,43,87,0.494,14,38,0.368,13,16,0.813,8,43,51,26,7,5,20,17,-6.0
22024,1610612746,LAC,LA Clippers,0022400215,2024-11-11,LAC @ OKC,L,240,128,44,80,0.55,20,37,0.541,20,29,0.69,15,32,47,31,5,5,23,22,-6.0
22024,1610612760,OKC,Oklahoma City Thunder,0022400215,2024-11-11,OKC vs. LAC,W,241,134,47,91,0.516,18,46,0.391,22,23,0.957,9,20,29,31,16,5,11,23,6.0
22024,1610612751,BKN,Brooklyn Nets,0022400214,2024-11-11,BKN @ NOP,W,239,107,36,84,0.429,19,42,0.452,16,19,0.842,14,32,46,24,4,5,16,14,2.0
22024,1610612758,SAC,Sacramento Kings,0022400216,2024-11-11,SAC @ SAS,L,239,96,39,91,0.429,10,38,0.263,8,9,0.889,9,28,37,18,11,4,11,14,-20.0
22024,1610612759,SAS,San Antonio Spurs,0022400216,2024-11-11,SAS vs. SAC,W,240,116,43,85,0.506,22,46,0.478,8,8,1.0,8,36,44,31,5,5,16,10,20.0
22024,1610612739,CLE,Cleveland Cavaliers,0022400212,2024-11-11,CLE @ CHI,W,240,119,43,97,0.443,15,45,0.333,18,24,0.75,12,31,43,26,14,3,8,13,6.0
22024,1610612758,SAC,Sacramento Kings,0022400209,2024-11-10,SAC @ PHX,W,267,127,50,102,0.49,11,37,0.297,16,19,0.842,8,49,57,23,7,3,14,20,9.0
22024,1610612738,BOS,Boston Celtics,0022400202,2024-11-10,BOS @ MIL,W,240,113,35,86,0.407,19,50,0.38,24,27,0.889,8,34,42,27,5,2,12,16,6.0
22024,1610612755,PHI,Philadelphia 76ers,0022400205,2024-11-10,PHI vs. CHA,W,265,107,39,84,0.464,9,33,0.273,20,26,0.769,8,32,40,24,8,1,17,23,2.0
22024,1610612765,DET,Detroit Pistons,0022400201,2024-11-10,DET vs. HOU,L,240,99,36,84,0.429,11,34,0.324,16,23,0.696,11,35,46,21,6,6,18,21,-2.0
22024,1610612752,NYK,New York Knicks,0022400203,2024-11-10,NYK @ IND,L,241,121,46,83,0.554,7,25,0.28,22,27,0.815,8,31,39,23,5,3,13,20,-11.0
22024,1610612754,IND,Indiana Pacers,0022400203,2024-11-10,IND vs. NYK,W,239,132,45,88,0.511,21,46,0.457,21,25,0.84,5,27,32,27,6,4,6,22,11.0
22024,1610612756,PHX,Phoenix Suns,0022400209,2024-11-10,PHX vs. SAC,L,264,118,44,105,0.419,18,57,0.316,12,15,0.8,8,40,48,30,11,3,11,19,-9.0
22024,1610612750,MIN,Minnesota Timberwolves,0022400206,2024-11-10,MIN vs. MIA,L,241,94,35,88,0.398,13,45,0.289,11,13,0.846,16,31,47,22,13,5,19,20,-1.0
22024,1610612747,LAL,Los Angeles Lakers,0022400211,2024-11-10,LAL vs. TOR,W,242,123,44,86,0.512,12,37,0.324,23,28,0.821,10,23,33,30,9,4,5,15,20.0
22024,1610612742,DAL,Dallas Mavericks,0022400208,2024-11-10,DAL @ DEN,L,240,120,48,90,0.533,10,33,0.303,14,19,0.737,10,32,42,29,7,5,10,17,-2.0
22024,1610612749,MIL,Milwaukee Bucks,0022400202,2024-11-10,MIL vs. BOS,L,240,107,39,81,0.481,13,32,0.406,16,21,0.762,5,36,41,21,9,8,12,18,-6.0
22024,1610612745,HOU,Houston Rockets,0022400201,2024-11-10,HOU @ DET,W,239,101,38,93,0.409,7,34,0.206,18,24,0.75,17,36,53,19,10,5,11,21,2.0
22024,1610612757,POR,Portland Trail Blazers,0022400210,2024-11-10,POR vs. MEM,L,239,89,34,100,0.34,4,42,0.095,17,21,0.81,16,27,43,18,9,3,23,21,-45.0
22024,1610612764,WAS,Washington Wizards,0022400204,2024-11-10,WAS @ ORL,L,240,94,33,72,0.458,10,33,0.303,18,25,0.72,7,30,37,20,4,7,16,25,-27.0
22024,1610612766,CHA,Charlotte Hornets,0022400205,2024-11-10,CHA @ PHI,L,265,105,36,95,0.379,14,54,0.259,19,22,0.864,12,38,50,22,10,5,19,22,-2.0
22024,1610612763,MEM,Memphis Grizzlies,0022400210,2024-11-10,MEM @ POR,W,240,134,47,85,0.553,16,43,0.372,24,28,0.857,10,41,51,32,15,13,20,17,45.0
22024,1610612761,TOR,Toronto Raptors,0022400211,2024-11-10,TOR @ LAL,L,239,103,37,82,0.451,10,29,0.345,19,22,0.864,12,28,40,26,2,2,16,23,-20.0
22024,1610612760,OKC,Oklahoma City Thunder,0022400207,2024-11-10,OKC vs. GSW,L,240,116,42,94,0.447,11,33,0.333,21,26,0.808,14,27,41,25,4,6,11,18,-11.0
22024,1610612748,MIA,Miami Heat,0022400206,2024-11-10,MIA @ MIN,W,239,95,34,77,0.442,11,31,0.355,16,22,0.727,6,37,43,18,14,9,22,20,1.0
22024,1610612744,GSW,Golden State Warriors,0022400207,2024-11-10,GSW @ OKC,W,240,127,45,89,0.506,21,43,0.488,16,23,0.696,13,33,46,35,8,3,14,26,11.0
22024,1610612743,DEN,Denver Nuggets,0022400208,2024-11-10,DEN vs. DAL,W,240,122,45,89,0.506,14,29,0.483,18,26,0.692,13,32,45,35,6,5,10,16,2.0
22024,1610612753,ORL,Orlando Magic,0022400204,2024-11-10,ORL vs. WAS,W,241,121,41,91,0.451,17,48,0.354,22,25,0.88,15,29,44,25,6,5,11,21,27.0
22024,1610612737,ATL,Atlanta Hawks,0022400198,2024-11-09,ATL vs. CHI,L,240,113,41,89,0.461,9,29,0.31,22,30,0.733,10,29,39,31,8,5,13,19,-12.0
22024,1610612739,CLE,Cleveland Cavaliers,0022400199,2024-11-09,CLE vs. BKN,W,240,105,40,74,0.541,10,28,0.357,15,19,0.789,4,29,33,24,12,5,14,18,5.0
22024,1610612761,TOR,Toronto Raptors,0022400200,2024-11-09,TOR @ LAC,L,238,103,40,95,0.421,11,37,0.297,12,21,0.571,12,32,44,26,8,5,10,23,-2.0
22024,1610612762,UTA,Utah Jazz,0022400197,2024-11-09,UTA @ SAS,W,240,111,38,82,0.463,10,33,0.303,25,35,0.714,9,36,45,23,13,4,17,20,1.0
22024,1610612751,BKN,Brooklyn Nets,0022400199,2024-11-09,BKN @ CLE,L,239,100,34,76,0.447,15,43,0.349,17,18,0.944,10,26,36,21,4,2,17,14,-5.0
22024,1610612741,CHI,Chicago Bulls,0022400198,2024-11-09,CHI @ ATL,W,240,125,46,92,0.5,13,39,0.333,20,23,0.87,13,34,47,30,12,6,17,18,12.0
22024,1610612759,SAS,San Antonio Spurs,0022400197,2024-11-09,SAS vs. UTA,L,241,110,38,85,0.447,17,47,0.362,17,19,0.895,6,31,37,29,8,10,20,26,-1.0
22024,1610612746,LAC,LA Clippers,0022400200,2024-11-09,LAC vs. TOR,W,241,105,35,76,0.461,10,26,0.385,25,32,0.781,7,40,47,18,6,8,12,20,2.0
22024,1610612751,BKN,Brooklyn Nets,0022400187,2024-11-08,BKN @ BOS,L,265,104,41,100,0.41,10,38,0.263,12,15,0.8,12,39,51,24,6,3,12,22,-4.0
22024,1610612756,PHX,Phoenix Suns,0022400190,2024-11-08,PHX @ DAL,W,240,114,43,86,0.5,15,39,0.385,13,18,0.722,11,26,37,26,6,2,8,18,1.0
22024,1610612746,LAC,LA Clippers,0022400196,2024-11-08,LAC @ SAC,W,241,107,36,81,0.444,14,30,0.467,21,23,0.913,12,36,48,20,7,2,18,21,9.0
22024,1610612740,NOP,New Orleans Pelicans,0022400186,2024-11-08,NOP @ ORL,L,240,88,32,84,0.381,10,31,0.323,14,17,0.824,6,25,31,18,10,1,15,19,-27.0
22024,1610612758,SAC,Sacramento Kings,0022400196,2024-11-08,SAC vs. LAC,L,241,98,37,78,0.474,3,26,0.115,21,24,0.875,5,30,35,19,6,3,13,19,-9.0
22024,1610612757,POR,Portland Trail Blazers,0022400193,2024-11-08,POR @ MIN,L,240,102,39,91,0.429,6,25,0.24,18,24,0.75,12,25,37,13,11,7,16,17,-25.0
22024,1610612745,HOU,Houston Rockets,0022400192,2024-11-08,HOU @ OKC,L,241,107,39,90,0.433,11,30,0.367,18,26,0.692,14,34,48,19,7,3,17,18,-19.0
22024,1610612755,PHI,Philadelphia 76ers,0022400195,2024-11-08,PHI @ LAL,L,239,106,39,96,0.406,13,39,0.333,15,23,0.652,13,31,44,28,6,4,5,14,-10.0
22024,1610612742,DAL,Dallas Mavericks,0022400190,2024-11-08,DAL vs. PHX,L,239,113,41,80,0.513,11,33,0.333,20,22,0.909,8,31,39,18,5,1,11,22,-1.0
22024,1610612753,ORL,Orlando Magic,0022400186,2024-11-08,ORL vs. NOP,W,239,115,45,86,0.523,8,32,0.25,17,21,0.81,11,32,43,28,9,8,13,14,27.0
22024,1610612754,IND,Indiana Pacers,0022400184,2024-11-08,IND @ CHA,L,241,83,33,83,0.398,9,29,0.31,8,14,0.571,7,30,37,24,10,4,12,16,-20.0
22024,1610612749,MIL,Milwaukee Bucks,0022400189,2024-11-08,MIL @ NYK,L,238,94,36,83,0.434,7,30,0.233,15,23,0.652,11,30,41,20,1,5,12,16,-22.0
22024,1610612739,CLE,Cleveland Cavaliers,0022400188,2024-11-08,CLE vs. GSW,W,237,136,46,85,0.541,20,42,0.476,24,28,0.857,9,34,43,33,7,7,19,12,19.0
22024,1610612752,NYK,New York Knicks,0022400189,2024-11-08,NYK vs. MIL,W,240,116,43,91,0.473,14,46,0.304,16,19,0.842,14,34,48,35,7,3,7,20,22.0
22024,1610612748,MIA,Miami Heat,0022400194,2024-11-08,MIA @ DEN,L,240,122,46,94,0.489,20,43,0.465,10,13,0.769,9,24,33,33,11,1,11,19,-13.0
22024,1610612763,MEM,Memphis Grizzlies,0022400191,2024-11-08,MEM vs. WAS,W,240,128,46,97,0.474,14,43,0.326,22,25,0.88,13,37,50,30,10,10,17,19,24.0
22024,1610612765,DET,Detroit Pistons,0022400185,2024-11-08,DET vs. ATL,W,241,122,44,86,0.512,13,33,0.394,21,31,0.677,11,34,45,27,7,8,20,18,1.0
22024,1610612743,DEN,Denver Nuggets,0022400194,2024-11-08,DEN vs. MIA,W,239,135,50,81,0.617,18,35,0.514,17,19,0.895,6,33,39,37,5,5,17,13,13.0
22024,1610612766,CHA,Charlotte Hornets,0022400184,2024-11-08,CHA vs. IND,W,239,103,38,90,0.422,17,50,0.34,10,12,0.833,13,43,56,23,6,7,14,16,20.0
22024,1610612760,OKC,Oklahoma City Thunder,0022400192,2024-11-08,OKC vs. HOU,W,242,126,46,90,0.511,14,37,0.378,20,23,0.87,7,34,41,24,9,8,10,23,19.0
22024,1610612750,MIN,Minnesota Timberwolves,0022400193,2024-11-08,MIN vs. POR,W,240,127,47,97,0.485,22,50,0.44,11,14,0.786,10,39,49,32,9,7,17,21,25.0
22024,1610612764,WAS,Washington Wizards,0022400191,2024-11-08,WAS @ MEM,L,241,104,38,93,0.409,9,35,0.257,19,23,0.826,11,30,41,27,14,8,18,27,-24.0
22024,1610612744,GSW,Golden State Warriors,0022400188,2024-11-08,GSW @ CLE,L,242,117,47,98,0.48,13,42,0.31,10,14,0.714,11,29,40,32,14,4,17,24,-19.0
22024,1610612747,LAL,Los Angeles Lakers,0022400195,2024-11-08,LAL vs. PHI,W,239,116,44,85,0.518,16,35,0.457,12,14,0.857,5,40,45,28,1,13,11,17,10.0
22024,1610612738,BOS,Boston Celtics,0022400187,2024-11-08,BOS vs. BKN,W,266,108,39,90,0.433,14,53,0.264,16,19,0.842,4,35,39,23,7,9,13,15,4.0
22024,1610612737,ATL,Atlanta Hawks,0022400185,2024-11-08,ATL @ DET,L,240,121,44,97,0.454,15,36,0.417,18,23,0.783,15,29,44,30,12,7,17,21,-1.0
22024,1610612757,POR,Portland Trail Blazers,0022400183,2024-11-07,POR @ SAS,L,240,105,41,86,0.477,9,32,0.281,14,22,0.636,14,27,41,23,7,3,14,14,-13.0
22024,1610612762,UTA,Utah Jazz,0022400182,2024-11-07,UTA @ MIL,L,238,100,33,77,0.429,17,41,0.415,17,18,0.944,8,31,39,24,5,5,21,19,-23.0
22024,1610612759,SAS,San Antonio Spurs,0022400183,2024-11-07,SAS vs. POR,W,238,118,44,82,0.537,16,39,0.41,14,18,0.778,12,33,45,35,9,4,15,15,13.0
22024,1610612741,CHI,Chicago Bulls,0022400181,2024-11-07,CHI vs. MIN,L,240,119,47,88,0.534,15,36,0.417,10,15,0.667,10,22,32,30,9,4,13,20,-16.0
22024,1610612749,MIL,Milwaukee Bucks,0022400182,2024-11-07,MIL vs. UTA,W,238,123,43,84,0.512,15,35,0.429,22,30,0.733,11,30,41,20,13,3,10,21,23.0
22024,1610612750,MIN,Minnesota Timberwolves,0022400181,2024-11-07,MIN @ CHI,W,241,135,51,93,0.548,16,38,0.421,17,17,1.0,10,30,40,29,7,4,13,17,16.0
22024,1610612752,NYK,New York Knicks,0022400171,2024-11-06,NYK @ ATL,L,240,116,41,84,0.488,22,47,0.468,12,15,0.8,7,34,41,29,5,5,15,18,-5.0
22024,1610612755,PHI,Philadelphia 76ers,0022400179,2024-11-06,PHI @ LAC,L,242,98,40,73,0.548,7,25,0.28,11,19,0.579,10,22,32,19,10,2,20,22,-12.0
22024,1610612759,SAS,San Antonio Spurs,0022400173,2024-11-06,SAS @ HOU,L,239,100,37,83,0.446,14,36,0.389,12,16,0.75,8,33,41,20,6,6,19,13,-27.0
22024,1610612753,ORL,Orlando Magic,0022400170,2024-11-06,ORL @ IND,L,239,111,42,82,0.512,7,25,0.28,20,26,0.769,10,28,38,26,6,5,16,22,-7.0
22024,1610612747,LAL,Los Angeles Lakers,0022400174,2024-11-06,LAL @ MEM,L,240,114,41,93,0.441,15,48,0.313,17,21,0.81,9,28,37,23,10,1,11,18,-17.0
22024,1610612754,IND,Indiana Pacers,0022400170,2024-11-06,IND vs. ORL,W,239,118,41,76,0.539,12,26,0.462,24,26,0.923,4,32,36,21,7,3,11,24,7.0
22024,1610612740,NOP,New Orleans Pelicans,0022400175,2024-11-06,NOP vs. CLE,L,240,122,42,88,0.477,13,27,0.481,25,28,0.893,8,25,33,21,8,8,9,14,-9.0
22024,1610612739,CLE,Cleveland Cavaliers,0022400175,2024-11-06,CLE @ NOP,W,241,131,52,96,0.542,17,35,0.486,10,13,0.769,12,34,46,33,6,10,11,21,9.0
22024,1610612737,ATL,Atlanta Hawks,0022400171,2024-11-06,ATL vs. NYK,W,240,121,45,100,0.45,15,38,0.395,16,22,0.727,16,32,48,31,12,4,8,14,5.0
22024,1610612746,LAC,LA Clippers,0022400179,2024-11-06,LAC vs. PHI,W,240,110,41,72,0.569,12,28,0.429,16,19,0.842,8,21,29,27,12,1,17,16,12.0
22024,1610612766,CHA,Charlotte Hornets,0022400169,2024-11-06,CHA vs. DET,W,241,108,39,90,0.433,14,44,0.318,16,16,1.0,8,39,47,22,5,4,12,16,1.0
22024,1610612738,BOS,Boston Celtics,0022400172,2024-11-06,BOS vs. GSW,L,240,112,38,90,0.422,19,54,0.352,17,21,0.81,13,34,47,22,5,3,12,18,-6.0
22024,1610612758,SAC,Sacramento Kings,0022400180,2024-11-06,SAC vs. TOR,W,241,122,42,90,0.467,10,35,0.286,28,32,0.875,15,32,47,26,7,5,9,13,15.0
22024,1610612760,OKC,Oklahoma City Thunder,0022400177,2024-11-06,OKC @ DEN,L,240,122,44,100,0.44,16,40,0.4,18,23,0.783,13,34,47,29,15,6,14,28,-2.0
22024,1610612748,MIA,Miami Heat,0022400178,2024-11-06,MIA @ PHX,L,240,112,40,92,0.435,13,34,0.382,19,20,0.95,13,30,43,27,12,3,10,16,-3.0
22024,1610612742,DAL,Dallas Mavericks,0022400176,2024-11-06,DAL vs. CHI,W,241,119,45,93,0.484,12,38,0.316,17,21,0.81,9,38,47,33,11,4,15,19,20.0
22024,1610612763,MEM,Memphis Grizzlies,0022400174,2024-11-06,MEM vs. LAL,W,240,131,48,93,0.516,17,34,0.5,18,23,0.783,12,38,50,28,5,6,18,17,17.0
22024,1610612744,GSW,Golden State Warriors,0022400172,2024-11-06,GSW @ BOS,W,239,118,42,91,0.462,14,34,0.412,20,24,0.833,15,38,53,22,6,5,11,19,6.0
22024,1610612741,CHI,Chicago Bulls,0022400176,2024-11-06,CHI @ DAL,L,241,99,36,86,0.419,12,42,0.286,15,23,0.652,14,37,51,25,8,2,22,17,-20.0
22024,1610612743,DEN,Denver Nuggets,0022400177,2024-11-06,DEN vs. OKC,W,239,124,42,89,0.472,16,38,0.421,24,33,0.727,13,42,55,34,8,6,18,22,2.0
22024,1610612761,TOR,Toronto Raptors,0022400180,2024-11-06,TOR @ SAC,L,242,107,43,88,0.489,10,34,0.294,11,15,0.733,8,26,34,25,7,1,11,23,-15.0
22024,1610612756,PHX,Phoenix Suns,0022400178,2024-11-06,PHX vs. MIA,W,240,115,42,84,0.5,18,43,0.419,13,18,0.722,10,36,46,29,5,6,16,14,3.0
22024,1610612745,HOU,Houston Rockets,0022400173,2024-11-06,HOU vs. SAS,W,239,127,54,96,0.563,10,27,0.37,9,15,0.6,11,34,45,28,10,5,11,13,27.0
22024,1610612765,DET,Detroit Pistons,0022400169,2024-11-06,DET @ CHA,L,241,107,46,94,0.489,10,32,0.313,5,9,0.556,6,40,46,34,5,4,10,20,-1.0
22024,1610612765,DET,Detroit Pistons,0022400156,2024-11-04,DET vs. LAL,W,240,115,45,96,0.469,8,34,0.235,17,22,0.773,17,38,55,22,6,5,12,25,12.0
22024,1610612762,UTA,Utah Jazz,0022400160,2024-11-04,UTA @ CHI,W,240,135,48,89,0.539,16,36,0.444,23,30,0.767,12,37,49,35,3,6,12,18,9.0
22024,1610612761,TOR,Toronto Raptors,0022400166,2024-11-04,TOR @ DEN,L,240,119,47,103,0.456,13,39,0.333,12,18,0.667,14,27,41,38,12,3,13,27,-2.0
22024,1610612763,MEM,Memphis Grizzlies,0022400158,2024-11-04,MEM @ BKN,L,240,104,43,91,0.473,8,30,0.267,10,13,0.769,13,31,44,29,5,8,14,16,-2.0
22024,1610612743,DEN,Denver Nuggets,0022400166,2024-11-04,DEN vs. TOR,W,240,121,41,83,0.494,10,31,0.323,29,38,0.763,14,30,44,29,9,10,17,21,2.0
22024,1610612766,CHA,Charlotte Hornets,0022400162,2024-11-04,CHA @ MIN,L,240,93,35,88,0.398,10,42,0.238,13,16,0.813,9,29,38,19,10,1,14,22,-21.0
22024,1610612737,ATL,Atlanta Hawks,0022400157,2024-11-04,ATL vs. BOS,L,240,93,37,89,0.416,6,31,0.194,13,16,0.813,8,35,43,23,9,3,19,13,-30.0
22024,1610612759,SAS,San Antonio Spurs,0022400168,2024-11-04,SAS @ LAC,L,240,104,38,86,0.442,11,41,0.268,17,19,0.895,12,33,45,22,9,10,10,16,-9.0
22024,1610612755,PHI,Philadelphia 76ers,0022400167,2024-11-04,PHI @ PHX,L,240,116,40,87,0.46,20,51,0.392,16,18,0.889,9,29,38,27,10,4,14,22,-2.0
22024,1610612756,PHX,Phoenix Suns,0022400167,2024-11-04,PHX vs. PHI,W,240,118,42,82,0.512,11,32,0.344,23,26,0.885,9,34,43,24,6,4,14,16,2.0
22024,1610612753,ORL,Orlando Magic,0022400163,2024-11-04,ORL @ OKC,L,240,86,29,82,0.354,5,34,0.147,23,27,0.852,7,34,41,20,12,5,18,16,-16.0
22024,1610612752,NYK,New York Knicks,0022400161,2024-11-04,NYK @ HOU,L,240,97,34,88,0.386,11,28,0.393,18,21,0.857,13,26,39,20,6,4,10,18,-12.0
22024,1610612754,IND,Indiana Pacers,0022400165,2024-11-04,IND @ DAL,W,241,134,54,95,0.568,13,32,0.406,13,20,0.65,7,39,46,30,5,3,9,16,7.0
22024,1610612764,WAS,Washington Wizards,0022400155,2024-11-04,WAS vs. GSW,L,240,112,42,96,0.438,10,43,0.233,18,21,0.857,8,39,47,29,4,8,9,23,-13.0
22024,1610612757,POR,Portland Trail Blazers,0022400164,2024-11-04,POR @ NOP,W,242,118,46,84,0.548,10,29,0.345,16,24,0.667,11,27,38,21,10,5,11,15,18.0
22024,1610612741,CHI,Chicago Bulls,0022400160,2024-11-04,CHI vs. UTA,L,240,126,45,95,0.474,14,37,0.378,22,25,0.88,10,26,36,36,7,7,9,23,-9.0
22024,1610612740,NOP,New Orleans Pelicans,0022400164,2024-11-04,NOP vs. POR,L,241,100,38,84,0.452,10,35,0.286,14,16,0.875,10,24,34,24,5,3,12,20,-18.0
22024,1610612760,OKC,Oklahoma City Thunder,0022400163,2024-11-04,OKC vs. ORL,W,240,102,39,85,0.459,12,31,0.387,12,16,0.75,5,37,42,23,12,4,15,21,16.0
22024,1610612749,MIL,Milwaukee Bucks,0022400154,2024-11-04,MIL @ CLE,L,240,114,42,86,0.488,17,35,0.486,13,15,0.867,7,42,49,21,6,6,14,15,-2.0
22024,1610612745,HOU,Houston Rockets,0022400161,2024-11-04,HOU vs. NYK,W,240,109,43,88,0.489,8,33,0.242,15,18,0.833,11,39,50,21,4,6,10,20,12.0
22024,1610612739,CLE,Cleveland Cavaliers,0022400154,2024-11-04,CLE vs. MIL,W,239,116,46,91,0.505,17,37,0.459,7,13,0.538,5,34,39,28,10,4,10,15,2.0
22024,1610612751,BKN,Brooklyn Nets,0022400158,2024-11-04,BKN vs. MEM,W,241,106,40,84,0.476,13,36,0.361,13,18,0.722,12,25,37,28,7,1,13,22,2.0
22024,1610612758,SAC,Sacramento Kings,0022400159,2024-11-04,SAC @ MIA,W,240,111,44,86,0.512,10,27,0.37,13,15,0.867,11,28,39,23,5,4,12,28,1.0
22024,1610612742,DAL,Dallas Mavericks,0022400165,2024-11-04,DAL vs. IND,L,240,127,46,89,0.517,15,36,0.417,20,25,0.8,5,33,38,29,4,3,8,18,-7.0
22024,1610612746,LAC,LA Clippers,0022400168,2024-11-04,LAC vs. SAS,W,239,113,41,90,0.456,19,37,0.514,12,17,0.706,16,28,44,25,6,7,10,21,9.0
22024,1610612738,BOS,Boston Celtics,0022400157,2024-11-04,BOS @ ATL,W,239,123,48,99,0.485,18,55,0.327,9,13,0.692,11,39,50,27,15,7,12,14,30.0
22024,1610612750,MIN,Minnesota Timberwolves,0022400162,2024-11-04,MIN vs. CHA,W,239,114,39,79,0.494,18,38,0.474,18,26,0.692,9,36,45,23,7,8,15,19,21.0
22024,1610612748,MIA,Miami Heat,0022400159,2024-11-04,MIA vs. SAC,L,241,110,37,85,0.435,15,36,0.417,21,30,0.7,8,28,36,24,9,6,10,15,-1.0
22024,1610612747,LAL,Los Angeles Lakers,0022400156,2024-11-04,LAL @ DET,L,240,103,37,85,0.435,9,25,0.36,20,27,0.741,7,30,37,28,8,1,13,16,-12.0
22024,1610612744,GSW,Golden State Warriors,0022400155,2024-11-04,GSW @ WAS,W,240,125,44,97,0.454,12,37,0.324,25,34,0.735,16,40,56,29,5,7,6,20,13.0
22024,1610612751,BKN,Brooklyn Nets,0022400151,2024-11-03,BKN vs. DET,L,240,92,32,71,0.451,9,31,0.29,19,31,0.613,4,23,27,23,9,3,13,24,-14.0
22024,1610612765,DET,Detroit Pistons,0022400151,2024-11-03,DET @ BKN,W,240,106,37,77,0.481,11,36,0.306,21,26,0.808,9,38,47,25,4,6,17,25,14.0
22024,1610612742,DAL,Dallas Mavericks,0022400153,2024-11-03,DAL vs. ORL,W,240,108,42,85,0.494,10,32,0.313,14,23,0.609,12,41,53,25,8,5,18,22,23.0
22024,1610612740,NOP,New Orleans Pelicans,0022400152,2024-11-03,NOP vs. ATL,L,243,111,39,90,0.433,16,38,0.421,17,20,0.85,18,25,43,22,6,3,18,16,-15.0
22024,1610612753,ORL,Orlando Magic,0022400153,2024-11-03,ORL @ DAL,L,240,85,31,93,0.333,8,41,0.195,15,19,0.789,13,30,43,19,8,4,14,22,-23.0
22024,1610612737,ATL,Atlanta Hawks,0022400152,2024-11-03,ATL @ NOP,W,240,126,50,88,0.568,15,36,0.417,11,12,0.917,10,31,41,29,10,3,16,17,15.0
22024,1610612758,SAC,Sacramento Kings,0022400143,2024-11-02,SAC @ TOR,L,266,128,46,100,0.46,10,40,0.25,26,32,0.813,15,34,49,21,16,3,18,22,-3.0
22024,1610612757,POR,Portland Trail Blazers,0022400149,2024-11-02,POR @ PHX,L,239,97,37,111,0.333,14,43,0.326,9,11,0.818,14,42,56,17,10,5,6,18,-6.0
22024,1610612764,WAS,Washington Wizards,0022400147,2024-11-02,MIA @ WAS,L,240,98,38,91,0.418,7,35,0.2,15,21,0.714,8,36,44,23,12,10,11,22,-20.0
22024,1610612744,GSW,Golden State Warriors,0022400144,2024-11-02,GSW @ HOU,W,264,127,40,78,0.513,15,32,0.469,32,50,0.64,9,38,47,26,5,4,14,22,6.0
22024,1610612749,MIL,Milwaukee Bucks,0022400145,2024-11-02,MIL vs. CLE,L,241,113,43,89,0.483,18,39,0.462,9,15,0.6,10,35,45,24,3,3,13,23,-1.0
22024,1610612755,PHI,Philadelphia 76ers,0022400142,2024-11-02,PHI vs. MEM,L,239,107,36,89,0.404,19,46,0.413,16,20,0.8,8,25,33,22,11,5,14,19,-17.0
22024,1610612738,BOS,Boston Celtics,0022400141,2024-11-02,BOS @ CHA,W,240,113,36,82,0.439,16,52,0.308,25,28,0.893,8,36,44,23,4,4,15,17,10.0
22024,1610612763,MEM,Memphis Grizzlies,0022400142,2024-11-02,MEM @ PHI,W,239,124,48,87,0.552,12,27,0.444,16,21,0.762,11,41,52,35,9,6,16,22,17.0
22024,1610612759,SAS,San Antonio Spurs,0022400146,2024-11-02,SAS vs. MIN,W,239,113,43,83,0.518,13,42,0.31,14,17,0.824,7,37,44,32,6,5,11,16,10.0
22024,1610612762,UTA,Utah Jazz,0022400148,2024-11-02,UTA @ DEN,L,241,103,32,77,0.416,13,42,0.31,26,31,0.839,8,31,39,24,7,8,22,22,-26.0
22024,1610612739,CLE,Cleveland Cavaliers,0022400145,2024-11-02,CLE @ MIL,W,241,114,44,91,0.484,15,38,0.395,11,15,0.733,10,35,45,31,3,2,7,20,1.0
22024,1610612760,OKC,Oklahoma City Thunder,0022400150,2024-11-02,OKC @ LAC,W,239,105,36,84,0.429,16,39,0.41,17,19,0.895,3,38,41,25,11,3,12,22,13.0
22024,1610612743,DEN,Denver Nuggets,0022400148,2024-11-02,DEN vs. UTA,W,239,129,48,99,0.485,16,32,0.5,17,23,0.739,19,33,52,33,14,1,17,25,26.0
22024,1610612745,HOU,Houston Rockets,0022400144,2024-11-02,HOU vs. GSW,L,264,121,44,107,0.411,15,45,0.333,18,24,0.75,18,31,49,27,10,6,11,32,-6.0
22024,1610612761,TOR,Toronto Raptors,0022400143,2024-11-02,TOR vs. SAC,W,265,131,46,95,0.484,17,37,0.459,22,31,0.71,12,34,46,31,13,3,19,25,3.0
22024,1610612756,PHX,Phoenix Suns,0022400149,2024-11-02,PHX vs. POR,W,242,103,35,93,0.376,17,52,0.327,16,22,0.727,13,50,63,29,4,8,12,10,6.0
22024,1610612748,MIA,Miami Heat,0022400147,2024-11-02,MIA @ WAS,W,240,118,43,102,0.422,15,37,0.405,17,24,0.708,21,44,65,19,6,3,13,18,20.0
22024,1610612750,MIN,Minnesota Timberwolves,0022400146,2024-11-02,MIN @ SAS,L,240,103,39,82,0.476,11,37,0.297,14,20,0.7,6,26,32,21,7,2,12,16,-10.0
22024,1610612746,LAC,LA Clippers,0022400150,2024-11-02,LAC vs. OKC,L,240,92,32,79,0.405,11,35,0.314,17,26,0.654,10,40,50,23,10,7,20,17,-13.0
22024,1610612766,CHA,Charlotte Hornets,0022400141,2024-11-02,CHA vs. BOS,L,239,103,40,91,0.44,17,42,0.405,6,9,0.667,7,27,34,24,10,1,13,25,-10.0
22024,1610612760,OKC,Oklahoma City Thunder,0022400140,2024-11-01,OKC @ POR,W,238,137,51,95,0.537,19,49,0.388,16,19,0.842,14,31,45,31,14,9,13,29,23.0
22024,1610612741,CHI,Chicago Bulls,0022400136,2024-11-01,CHI @ BKN,L,239,112,38,88,0.432,17,44,0.386,19,24,0.792,10,34,44,24,5,3,16,15,-9.2
22024,1610612740,NOP,New Orleans Pelicans,0022400138,2024-11-01,NOP vs. IND,W,240,125,49,101,0.485,12,31,0.387,15,19,0.789,15,31,46,28,8,4,6,15,7.0
22024,1610612751,BKN,Brooklyn Nets,0022400136,2024-11-01,BKN vs. CHI,W,241,120,49,94,0.521,11,36,0.306,11,13,0.846,9,37,46,34,11,6,10,20,8.0
22024,1610612757,POR,Portland Trail Blazers,0022400140,2024-11-01,POR vs. OKC,L,239,114,39,83,0.47,15,35,0.429,21,31,0.677,11,25,36,27,8,5,19,17,-23.0
22024,1610612750,MIN,Minnesota Timberwolves,0022400139,2024-11-01,MIN vs. DEN,W,240,119,43,83,0.518,18,42,0.429,15,18,0.833,8,30,38,34,8,9,16,22,3.0
22024,1610612739,CLE,Cleveland Cavaliers,0022400133,2024-11-01,CLE vs. ORL,W,239,120,44,87,0.506,15,38,0.395,17,20,0.85,7,42,49,25,6,4,12,21,11.0
22024,1610612738,BOS,Boston Celtics,0022400132,2024-11-01,BOS @ CHA,W,242,124,41,86,0.477,13,42,0.31,29,35,0.829,11,30,41,21,12,5,10,13,15.0
22024,1610612765,DET,Detroit Pistons,0022400134,2024-11-01,DET vs. NYK,L,240,98,41,81,0.506,11,34,0.324,5,7,0.714,6,32,38,23,6,9,22,12,-30.0
22024,1610612752,NYK,New York Knicks,0022400134,2024-11-01,NYK @ DET,W,239,128,52,101,0.515,18,38,0.474,6,10,0.6,12,33,45,31,16,3,9,14,30.0
22024,1610612754,IND,Indiana Pacers,0022400138,2024-11-01,IND @ NOP,L,241,118,46,89,0.517,16,38,0.421,10,13,0.769,6,33,39,35,3,3,14,21,-7.0
22024,1610612753,ORL,Orlando Magic,0022400133,2024-11-01,ORL @ CLE,L,240,109,41,90,0.456,11,33,0.333,16,24,0.667,7,32,39,26,10,4,14,17,-11.0
22024,1610612761,TOR,Toronto Raptors,0022400137,2024-11-01,TOR vs. LAL,L,241,125,52,107,0.486,10,35,0.286,11,13,0.846,15,29,44,35,4,6,11,29,-6.0
22024,1610612743,DEN,Denver Nuggets,0022400139,2024-11-01,DEN @ MIN,L,241,116,41,92,0.446,11,32,0.344,23,29,0.793,17,29,46,30,11,2,13,18,-3.0
22024,1610612747,LAL,Los Angeles Lakers,0022400137,2024-11-01,LAL @ TOR,W,239,131,42,88,0.477,11,32,0.344,36,41,0.878,9,34,43,29,6,5,10,17,6.0
22024,1610612737,ATL,Atlanta Hawks,0022400135,2024-11-01,ATL vs. SAC,L,240,115,41,92,0.446,19,50,0.38,14,18,0.778,8,32,40,30,8,4,13,22,-8.0
22024,1610612766,CHA,Charlotte Hornets,0022400132,2024-11-01,CHA vs. BOS,L,241,109,42,91,0.462,19,48,0.396,6,12,0.5,12,30,42,20,5,5,14,26,-15.0
22024,1610612758,SAC,Sacramento Kings,0022400135,2024-11-01,SAC @ ATL,W,239,123,43,89,0.483,11,33,0.333,26,30,0.867,10,41,51,28,9,4,14,21,8.0
22024,1610612746,LAC,LA Clippers,0022400131,2024-10-31,LAC vs. PHX,L,241,119,45,93,0.484,12,35,0.343,17,21,0.81,15,33,48,27,8,8,14,22,-6.0
22024,1610612763,MEM,Memphis Grizzlies,0022400128,2024-10-31,MEM vs. MIL,W,242,122,43,82,0.524,8,28,0.286,28,31,0.903,7,49,56,26,6,3,16,21,23.0
22024,1610612756,PHX,Phoenix Suns,0022400131,2024-10-31,PHX @ LAC,W,240,125,42,82,0.512,18,39,0.462,23,28,0.821,8,31,39,29,12,4,12,20,6.0
22024,1610612762,UTA,Utah Jazz,0022400130,2024-10-31,UTA vs. SAS,L,240,88,32,82,0.39,7,32,0.219,17,19,0.895,15,38,53,19,6,6,26,19,-18.0
22024,1610612745,HOU,Houston Rockets,0022400129,2024-10-31,HOU @ DAL,W,240,108,40,97,0.412,8,34,0.235,20,27,0.741,18,32,50,21,4,4,8,20,6.0
22024,1610612749,MIL,Milwaukee Bucks,0022400128,2024-10-31,MIL @ MEM,L,242,99,41,96,0.427,9,42,0.214,8,19,0.421,9,29,38,20,10,4,10,27,-23.0
22024,1610612759,SAS,San Antonio Spurs,0022400130,2024-10-31,SAS @ UTA,W,239,106,38,92,0.413,12,43,0.279,18,23,0.783,11,31,42,25,17,7,11,17,18.0
22024,1610612742,DAL,Dallas Mavericks,0022400129,2024-10-31,DAL vs. HOU,L,239,102,39,85,0.459,10,30,0.333,14,20,0.7,10,27,37,21,6,7,10,27,-6.0
22024,1610612738,BOS,Boston Celtics,0022400119,2024-10-30,BOS @ IND,L,266,132,44,109,0.404,19,57,0.333,25,31,0.806,18,33,51,23,11,5,14,19,-3.0
22024,1610612737,ATL,Atlanta Hawks,0022400121,2024-10-30,ATL @ WAS,L,240,120,45,95,0.474,12,39,0.308,18,21,0.857,12,29,41,28,10,3,15,19,-13.0
22024,1610612751,BKN,Brooklyn Nets,0022400124,2024-10-30,BKN @ MEM,W,240,119,41,80,0.513,15,41,0.366,22,25,0.88,8,26,34,27,10,2,15,25,13.0
22024,1610612763,MEM,Memphis Grizzlies,0022400124,2024-10-30,MEM vs. BKN,L,239,106,38,81,0.469,8,27,0.296,22,29,0.759,12,26,38,27,9,3,22,21,-13.0
22024,1610612740,NOP,New Orleans Pelicans,0022400126,2024-10-30,NOP @ GSW,L,240,89,33,90,0.367,11,36,0.306,12,20,0.6,18,31,49,24,7,6,14,17,-15.0
22024,1610612752,NYK,New York Knicks,0022400122,2024-10-30,NYK @ MIA,W,240,116,40,82,0.488,18,40,0.45,18,20,0.9,7,35,42,30,8,4,9,16,9.0
22024,1610612755,PHI,Philadelphia 76ers,0022400120,2024-10-30,PHI vs. DET,L,241,95,33,79,0.418,8,28,0.286,21,28,0.75,8,29,37,17,7,4,9,21,-10.0
22024,1610612761,TOR,Toronto Raptors,0022400117,2024-10-30,TOR @ CHA,L,240,133,52,91,0.571,9,28,0.321,20,30,0.667,13,28,41,37,9,5,14,25,-5.0
22024,1610612757,POR,Portland Trail Blazers,0022400127,2024-10-30,POR @ LAC,W,241,106,41,92,0.446,14,33,0.424,10,12,0.833,12,35,47,19,9,6,12,18,1.0
22024,1610612748,MIA,Miami Heat,0022400122,2024-10-30,MIA vs. NYK,L,239,107,37,81,0.457,17,40,0.425,16,24,0.667,7,32,39,27,6,3,10,17,-9.0
22024,1610612739,CLE,Cleveland Cavaliers,0022400118,2024-10-30,CLE vs. LAL,W,239,134,56,97,0.577,17,41,0.415,5,8,0.625,6,30,36,37,14,2,12,26,24.0
22024,1610612760,OKC,Oklahoma City Thunder,0022400125,2024-10-30,OKC vs. SAS,W,242,105,41,89,0.461,17,41,0.415,6,8,0.75,5,34,39,28,18,6,10,15,12.0
22024,1610612764,WAS,Washington Wizards,0022400121,2024-10-30,WAS vs. ATL,W,242,133,47,89,0.528,16,38,0.421,23,25,0.92,6,31,37,32,10,5,14,21,13.0
22024,1610612766,CHA,Charlotte Hornets,0022400117,2024-10-30,CHA vs. TOR,W,239,138,49,94,0.521,20,45,0.444,20,25,0.8,14,24,38,31,9,8,15,24,5.0
22024,1610612741,CHI,Chicago Bulls,0022400123,2024-10-30,CHI vs. ORL,W,239,102,36,84,0.429,13,34,0.382,17,25,0.68,9,45,54,23,6,2,14,16,3.0
22024,1610612744,GSW,Golden State Warriors,0022400126,2024-10-30,GSW vs. NOP,W,238,104,41,87,0.471,13,38,0.342,9,13,0.692,13,29,42,32,5,9,13,22,15.0
22024,1610612746,LAC,LA Clippers,0022400127,2024-10-30,LAC vs. POR,L,240,105,41,90,0.456,13,36,0.361,10,18,0.556,13,36,49,26,10,5,13,19,-1.0
22024,1610612754,IND,Indiana Pacers,0022400119,2024-10-30,IND vs. BOS,W,265,135,50,104,0.481,15,38,0.395,20,24,0.833,16,41,57,33,10,5,18,26,3.0
22024,1610612753,ORL,Orlando Magic,0022400123,2024-10-30,ORL @ CHI,L,239,99,35,86,0.407,11,46,0.239,18,20,0.9,6,36,42,25,9,8,12,19,-3.0
22024,1610612747,LAL,Los Angeles Lakers,0022400118,2024-10-30,LAL @ CLE,L,238,110,38,77,0.494,6,28,0.214,28,33,0.848,5,32,37,21,6,0,20,7,-24.0
22024,1610612759,SAS,San Antonio Spurs,0022400125,2024-10-30,SAS @ OKC,L,239,93,35,85,0.412,12,36,0.333,11,13,0.846,13,39,52,22,6,6,22,8,-12.0
22024,1610612765,DET,Detroit Pistons,0022400120,2024-10-30,DET @ PHI,W,241,105,36,78,0.462,15,36,0.417,18,22,0.818,12,37,49,23,4,5,16,25,10.0
22024,1610612742,DAL,Dallas Mavericks,0022400114,2024-10-29,DAL @ MIN,W,239,120,45,93,0.484,16,39,0.41,14,18,0.778,12,28,40,25,12,2,9,21,6.0
22024,1610612743,DEN,Denver Nuggets,0022400113,2024-10-29,DEN @ BKN,W,266,144,46,89,0.517,13,27,0.481,39,47,0.83,9,34,43,31,3,4,5,22,5.0
22024,1610612758,SAC,Sacramento Kings,0022400115,2024-10-29,SAC @ UTA,W,240,113,48,92,0.522,8,31,0.258,9,14,0.643,9,40,49,26,9,9,11,19,17.0
22024,1610612750,MIN,Minnesota Timberwolves,0022400114,2024-10-29,MIN vs. DAL,L,240,114,39,77,0.506,19,39,0.487,17,26,0.654,11,31,42,33,5,2,20,20,-6.0
22024,1610612744,GSW,Golden State Warriors,0022400116,2024-10-29,GSW vs. NOP,W,243,124,46,97,0.474,21,46,0.457,11,13,0.846,11,23,34,34,15,9,7,20,18.0
22024,1610612762,UTA,Utah Jazz,0022400115,2024-10-29,UTA vs. SAC,L,241,96,35,89,0.393,14,48,0.292,12,14,0.857,12,30,42,24,7,4,17,16,-17.0
22024,1610612740,NOP,New Orleans Pelicans,0022400116,2024-10-29,NOP @ GSW,L,239,106,40,74,0.541,9,22,0.409,17,24,0.708,9,35,44,23,4,6,23,13,-18.0
22024,1610612751,BKN,Brooklyn Nets,0022400113,2024-10-29,BKN vs. DEN,L,266,139,49,96,0.51,20,52,0.385,21,27,0.778,7,34,41,37,4,6,8,32,-5.0
22024,1610612765,DET,Detroit Pistons,0022400105,2024-10-28,DET @ MIA,L,240,98,35,91,0.385,14,38,0.368,14,17,0.824,19,35,54,14,6,6,16,19,-8.0
22024,1610612738,BOS,Boston Celtics,0022400104,2024-10-28,BOS vs. MIL,W,242,119,43,87,0.494,18,47,0.383,15,19,0.789,4,34,38,24,5,5,12,18,11.0
22024,1610612761,TOR,Toronto Raptors,0022400107,2024-10-28,TOR vs. DEN,L,266,125,49,109,0.45,10,35,0.286,17,21,0.81,18,36,54,30,7,7,15,27,-2.0
22024,1610612747,LAL,Los Angeles Lakers,0022400111,2024-10-28,LAL @ PHX,L,239,105,39,94,0.415,14,32,0.438,13,18,0.722,11,35,46,25,5,6,11,19,-4.0
22024,1610612742,DAL,Dallas Mavericks,0022400110,2024-10-28,DAL vs. UTA,W,239,110,43,95,0.453,11,39,0.282,13,17,0.765,13,37,50,27,9,12,13,23,8.0
22024,1610612764,WAS,Washington Wizards,0022400103,2024-10-28,WAS @ ATL,W,240,121,41,91,0.451,21,44,0.477,18,22,0.818,9,34,43,24,7,3,18,25,2.0
22024,1610612753,ORL,Orlando Magic,0022400102,2024-10-28,ORL vs. IND,W,241,119,39,83,0.47,13,41,0.317,28,38,0.737,11,35,46,26,7,6,15,25,4.0
22024,1610612752,NYK,New York Knicks,0022400106,2024-10-28,NYK vs. CLE,L,240,104,40,90,0.444,9,28,0.321,15,18,0.833,13,30,43,22,8,3,16,21,-6.0
22024,1610612745,HOU,Houston Rockets,0022400109,2024-10-28,HOU @ SAS,W,241,106,35,85,0.412,15,37,0.405,21,24,0.875,13,30,43,20,6,2,12,23,5.0
22024,1610612741,CHI,Chicago Bulls,0022400108,2024-10-28,CHI @ MEM,W,241,126,45,100,0.45,25,53,0.472,11,17,0.647,11,39,50,36,5,6,9,15,3.0
22024,1610612748,MIA,Miami Heat,0022400105,2024-10-28,MIA vs. DET,W,241,106,38,88,0.432,15,47,0.319,15,20,0.75,10,34,44,24,14,3,9,14,8.0
22024,1610612743,DEN,Denver Nuggets,0022400107,2024-10-28,DEN @ TOR,W,265,127,47,96,0.49,9,20,0.45,24,30,0.8,15,37,52,29,6,6,16,20,2.0
22024,1610612749,MIL,Milwaukee Bucks,0022400104,2024-10-28,MIL @ BOS,L,241,108,37,82,0.451,8,31,0.258,26,31,0.839,8,35,43,18,7,6,16,24,-11.0
22024,1610612754,IND,Indiana Pacers,0022400102,2024-10-28,IND @ ORL,L,241,115,41,88,0.466,13,29,0.448,20,30,0.667,15,29,44,25,7,4,12,28,-4.0
22024,1610612737,ATL,Atlanta Hawks,0022400103,2024-10-28,ATL vs. WAS,L,240,119,39,81,0.481,15,40,0.375,26,36,0.722,6,33,39,32,12,7,16,22,-2.0
22024,1610612758,SAC,Sacramento Kings,0022400112,2024-10-28,SAC vs. POR,W,240,111,37,81,0.457,14,35,0.4,23,25,0.92,9,31,40,25,8,6,14,27,13.0
22024,1610612763,MEM,Memphis Grizzlies,0022400108,2024-10-28,MEM vs. CHI,L,239,123,51,111,0.459,14,43,0.326,7,13,0.538,18,42,60,37,5,9,10,21,-3.0
22024,1610612757,POR,Portland Trail Blazers,0022400112,2024-10-28,POR @ SAC,L,240,98,35,83,0.422,4,22,0.182,24,30,0.8,12,34,46,17,5,4,17,22,-13.0
22024,1610612739,CLE,Cleveland Cavaliers,0022400106,2024-10-28,CLE @ NYK,W,240,110,39,82,0.476,12,36,0.333,20,24,0.833,9,32,41,21,10,5,13,20,6.0
22024,1610612759,SAS,San Antonio Spurs,0022400109,2024-10-28,SAS vs. HOU,L,241,101,37,87,0.425,10,33,0.303,17,21,0.81,17,32,49,22,6,6,17,21,-5.0
22024,1610612762,UTA,Utah Jazz,0022400110,2024-10-28,UTA @ DAL,L,240,102,34,92,0.37,10,35,0.286,24,29,0.828,15,35,50,24,7,5,13,17,-8.0
22024,1610612756,PHX,Phoenix Suns,0022400111,2024-10-28,PHX vs. LAL,W,239,109,40,87,0.46,11,36,0.306,18,20,0.9,9,37,46,21,7,11,10,22,4.0
22024,1610612740,NOP,New Orleans Pelicans,0022400099,2024-10-27,NOP @ POR,L,241,103,38,88,0.432,8,29,0.276,19,24,0.792,15,24,39,24,9,8,15,22,-22.0
22024,1610612751,BKN,Brooklyn Nets,0022400098,2024-10-27,BKN vs. MIL,W,241,115,39,91,0.429,16,45,0.356,21,23,0.913,12,35,47,23,9,3,12,26,13.0
22024,1610612760,OKC,Oklahoma City Thunder,0022400100,2024-10-27,OKC vs. ATL,W,239,128,44,89,0.494,16,40,0.4,24,32,0.75,11,34,45,26,13,12,10,23,24.0
22024,1610612754,IND,Indiana Pacers,0022400097,2024-10-27,IND vs. PHI,L,263,114,39,84,0.464,13,32,0.406,23,34,0.676,7,30,37,28,8,4,19,26,-4.0
22024,1610612749,MIL,Milwaukee Bucks,0022400098,2024-10-27,MIL @ BKN,L,238,102,33,74,0.446,10,33,0.303,26,31,0.839,7,36,43,20,7,3,18,17,-13.0
22024,1610612757,POR,Portland Trail Blazers,0022400099,2024-10-27,POR vs. NOP,W,241,125,43,93,0.462,14,35,0.4,25,32,0.781,22,29,51,25,9,8,16,21,22.0
22024,1610612744,GSW,Golden State Warriors,0022400101,2024-10-27,GSW vs. LAC,L,242,104,38,88,0.432,14,43,0.326,14,22,0.636,14,33,47,19,10,5,21,22,-8.0
22024,1610612755,PHI,Philadelphia 76ers,0022400097,2024-10-27,PHI @ IND,W,265,118,42,98,0.429,11,42,0.262,23,31,0.742,20,34,54,15,9,4,19,26,4.0
22024,1610612746,LAC,LA Clippers,0022400101,2024-10-27,LAC @ GSW,W,240,112,42,90,0.467,10,32,0.313,18,23,0.783,14,34,48,27,11,2,18,21,8.0
22024,1610612737,ATL,Atlanta Hawks,0022400100,2024-10-27,ATL @ OKC,L,240,104,36,91,0.396,10,31,0.323,22,29,0.759,17,32,49,24,7,4,19,23,-24.0
22024,1610612765,DET,Detroit Pistons,0022400089,2024-10-26,DET vs. BOS,L,240,118,43,88,0.489,14,39,0.359,18,22,0.818,9,35,44,27,4,7,14,22,-6.0
22024,1610612750,MIN,Minnesota Timberwolves,0022400093,2024-10-26,MIN vs. TOR,W,239,112,39,83,0.47,14,37,0.378,20,26,0.769,9,32,41,29,9,8,13,16,11.0
22024,1610612745,HOU,Houston Rockets,0022400094,2024-10-26,HOU @ SAS,L,240,106,38,92,0.413,13,41,0.317,17,21,0.81,8,26,34,21,10,3,10,24,-3.0
22024,1610612748,MIA,Miami Heat,0022400088,2024-10-26,MIA @ CHA,W,242,114,40,86,0.465,14,34,0.412,20,28,0.714,13,30,43,33,8,6,13,19,8.0
22024,1610612758,SAC,Sacramento Kings,0022400096,2024-10-26,SAC @ LAL,L,240,127,45,88,0.511,15,44,0.341,22,25,0.88,5,27,32,32,12,5,14,19,-4.0
22024,1610612756,PHX,Phoenix Suns,0022400095,2024-10-26,PHX vs. DAL,W,239,114,36,80,0.45,14,39,0.359,28,37,0.757,7,40,47,26,3,4,11,17,12.0
22024,1610612742,DAL,Dallas Mavericks,0022400095,2024-10-26,DAL @ PHX,L,239,102,37,93,0.398,13,41,0.317,15,18,0.833,12,34,46,22,6,2,8,28,-12.0
22024,1610612761,TOR,Toronto Raptors,0022400093,2024-10-26,TOR @ MIN,L,241,101,41,90,0.456,10,29,0.345,9,13,0.692,12,34,46,29,9,4,20,22,-11.0
22024,1610612766,CHA,Charlotte Hornets,0022400088,2024-10-26,CHA vs. MIA,L,241,106,39,89,0.438,13,41,0.317,15,21,0.714,15,31,46,20,6,5,17,24,-8.0
22024,1610612763,MEM,Memphis Grizzlies,0022400092,2024-10-26,MEM vs. ORL,W,241,124,46,86,0.535,13,34,0.382,19,24,0.792,6,36,42,38,10,5,18,24,13.0
22024,1610612739,CLE,Cleveland Cavaliers,0022400090,2024-10-26,CLE @ WAS,W,239,135,47,88,0.534,18,39,0.462,23,34,0.676,11,37,48,27,13,10,16,27,19.0
22024,1610612764,WAS,Washington Wizards,0022400090,2024-10-26,WAS vs. CLE,L,239,116,37,96,0.385,15,43,0.349,27,32,0.844,18,28,46,25,6,9,15,25,-19.0
22024,1610612760,OKC,Oklahoma City Thunder,0022400091,2024-10-26,OKC @ CHI,W,240,114,45,107,0.421,8,40,0.2,16,20,0.8,9,45,54,21,15,5,10,18,19.0
22024,1610612743,DEN,Denver Nuggets,0022400087,2024-10-26,DEN vs. LAC,L,240,104,35,87,0.402,14,35,0.4,20,24,0.833,10,27,37,20,13,4,10,22,-5.0
22024,1610612741,CHI,Chicago Bulls,0022400091,2024-10-26,CHI vs. OKC,L,238,95,32,92,0.348,15,53,0.283,16,22,0.727,11,50,61,23,6,2,26,19,-19.0
22024,1610612746,LAC,LA Clippers,0022400087,2024-10-26,LAC @ DEN,W,242,109,40,82,0.488,12,33,0.364,17,21,0.81,11,33,44,30,4,5,16,24,5.0
22024,1610612747,LAL,Los Angeles Lakers,0022400096,2024-10-26,LAL vs. SAC,W,240,131,48,92,0.522,14,34,0.412,21,24,0.875,13,32,45,32,8,3,19,19,4.0
22024,1610612753,ORL,Orlando Magic,0022400092,2024-10-26,ORL @ MEM,L,240,111,37,87,0.425,17,48,0.354,20,28,0.714,12,29,41,21,10,6,19,20,-13.0
22024,1610612738,BOS,Boston Celtics,0022400089,2024-10-26,BOS @ DET,W,239,124,38,90,0.422,22,48,0.458,26,30,0.867,13,24,37,19,10,6,10,16,6.0
22024,1610612759,SAS,San Antonio Spurs,0022400094,2024-10-26,SAS vs. HOU,W,241,109,39,79,0.494,8,20,0.4,23,28,0.821,10,39,49,23,6,7,17,18,3.0
22024,1610612757,POR,Portland Trail Blazers,0022400086,2024-10-25,POR vs. NOP,L,240,103,37,90,0.411,13,37,0.351,16,20,0.8,10,38,48,26,7,11,19,22,-2.0
22024,1610612763,MEM,Memphis Grizzlies,0022400082,2024-10-25,MEM @ HOU,L,240,108,38,91,0.418,10,28,0.357,22,36,0.611,14,29,43,24,8,8,17,25,-20.0
22024,1610612740,NOP,New Orleans Pelicans,0022400086,2024-10-25,NOP @ POR,W,238,105,36,86,0.419,12,32,0.375,21,31,0.677,11,33,44,25,12,8,14,22,2.0
22024,1610612749,MIL,Milwaukee Bucks,0022400083,2024-10-25,MIL vs. CHI,L,241,122,46,93,0.495,13,40,0.325,17,25,0.68,8,39,47,24,5,3,14,14,-11.0
22024,1610612747,LAL,Los Angeles Lakers,0022400085,2024-10-25,LAL vs. PHX,W,240,123,40,75,0.533,14,27,0.519,29,39,0.744,6,31,37,33,10,5,12,18,7.0
22024,1610612737,ATL,Atlanta Hawks,0022400079,2024-10-25,ATL vs. CHA,W,240,125,39,81,0.481,14,38,0.368,33,38,0.868,7,32,39,25,11,9,13,28,5.0
22024,1610612766,CHA,Charlotte Hornets,0022400079,2024-10-25,CHA @ ATL,L,241,120,37,96,0.385,21,51,0.412,25,31,0.806,22,31,53,22,7,4,17,28,-5.0
22024,1610612741,CHI,Chicago Bulls,0022400083,2024-10-25,CHI @ MIL,W,239,133,46,96,0.479,21,47,0.447,20,23,0.87,9,37,46,30,10,4,9,17,11.0
22024,1610612754,IND,Indiana Pacers,0022400081,2024-10-25,IND @ NYK,L,241,98,41,83,0.494,3,30,0.1,13,20,0.65,9,24,33,28,8,6,15,24,-25.0
22024,1610612752,NYK,New York Knicks,0022400081,2024-10-25,NYK vs. IND,W,240,123,44,84,0.524,12,27,0.444,23,29,0.793,11,32,43,19,5,4,11,18,25.0
22024,1610612739,CLE,Cleveland Cavaliers,0022400080,2024-10-25,CLE vs. DET,W,240,113,42,82,0.512,13,34,0.382,16,23,0.696,5,34,39,28,13,4,12,15,12.0
22024,1610612755,PHI,Philadelphia 76ers,0022400078,2024-10-25,PHI @ TOR,L,238,107,29,76,0.382,9,29,0.31,40,53,0.755,10,18,28,19,11,5,16,32,-8.0
22024,1610612744,GSW,Golden State Warriors,0022400084,2024-10-25,GSW @ UTA,W,241,127,51,106,0.481,20,50,0.4,5,6,0.833,19,41,60,35,15,6,13,25,41.0
22024,1610612756,PHX,Phoenix Suns,0022400085,2024-10-25,PHX @ LAL,L,239,116,42,82,0.512,17,37,0.459,15,17,0.882,5,29,34,35,8,4,16,26,-7.0
22024,1610612765,DET,Detroit Pistons,0022400080,2024-10-25,DET @ CLE,L,238,101,38,81,0.469,13,32,0.406,12,17,0.706,8,34,42,25,3,5,22,22,-12.0
22024,1610612761,TOR,Toronto Raptors,0022400078,2024-10-25,TOR vs. PHI,W,239,115,35,76,0.461,6,23,0.261,39,46,0.848,18,36,54,25,11,13,26,34,8.0
22024,1610612753,ORL,Orlando Magic,0022400077,2024-10-25,ORL vs. BKN,W,240,116,39,75,0.52,15,30,0.5,23,33,0.697,5,34,39,28,10,7,12,19,15.0
22024,1610612745,HOU,Houston Rockets,0022400082,2024-10-25,HOU vs. MEM,W,240,128,43,98,0.439,17,43,0.395,25,36,0.694,23,41,64,20,10,4,17,32,20.0
22024,1610612751,BKN,Brooklyn Nets,0022400077,2024-10-25,BKN @ ORL,L,239,101,35,83,0.422,14,37,0.378,17,21,0.81,8,29,37,22,7,3,17,31,-15.0
22024,1610612762,UTA,Utah Jazz,0022400084,2024-10-25,UTA vs. GSW,L,242,86,29,92,0.315,9,42,0.214,19,26,0.731,14,31,45,18,8,5,22,11,-41.0
22024,1610612742,DAL,Dallas Mavericks,0022400074,2024-10-24,DAL vs. SAS,W,240,120,42,102,0.412,19,44,0.432,17,23,0.739,17,33,50,27,9,5,9,21,11.0
22024,1610612750,MIN,Minnesota Timberwolves,0022400076,2024-10-24,MIN @ SAC,W,240,117,41,86,0.477,20,50,0.4,15,17,0.882,6,36,42,24,3,2,16,24,2.0
22024,1610612738,BOS,Boston Celtics,0022400073,2024-10-24,BOS @ WAS,W,240,122,42,90,0.467,17,45,0.378,21,27,0.778,12,37,49,21,7,3,14,19,20.0
22024,1610612758,SAC,Sacramento Kings,0022400076,2024-10-24,SAC vs. MIN,L,241,115,38,82,0.463,11,29,0.379,28,35,0.8,4,34,38,21,7,2,9,18,-2.0
22024,1610612743,DEN,Denver Nuggets,0022400075,2024-10-24,DEN vs. OKC,L,241,87,35,98,0.357,7,38,0.184,10,14,0.714,17,40,57,29,11,7,15,12,-15.0
22024,1610612764,WAS,Washington Wizards,0022400073,2024-10-24,WAS vs. BOS,L,240,102,41,95,0.432,7,36,0.194,13,18,0.722,10,30,40,27,9,6,13,19,-20.0
22024,1610612760,OKC,Oklahoma City Thunder,0022400075,2024-10-24,OKC @ DEN,W,240,102,43,101,0.426,8,36,0.222,8,12,0.667,13,36,49,23,9,13,12,15,15.0
22024,1610612759,SAS,San Antonio Spurs,0022400074,2024-10-24,SAS @ DAL,L,240,109,39,86,0.453,12,36,0.333,19,24,0.792,12,40,52,30,6,5,19,18,-11.0
22024,1610612737,ATL,Atlanta Hawks,0022400064,2024-10-23,ATL vs. BKN,W,241,120,39,80,0.488,9,28,0.321,33,46,0.717,12,33,45,25,12,9,16,20,4.0
22024,1610612749,MIL,Milwaukee Bucks,0022400066,2024-10-23,MIL @ PHI,W,239,124,43,80,0.538,16,37,0.432,22,31,0.71,8,38,46,27,4,9,14,23,15.0
22024,1610612741,CHI,Chicago Bulls,0022400069,2024-10-23,CHI @ NOP,L,242,111,42,86,0.488,10,34,0.294,17,25,0.68,9,38,47,26,4,2,21,16,-12.0
22024,1610612753,ORL,Orlando Magic,0022400065,2024-10-23,ORL @ MIA,W,238,116,41,96,0.427,18,49,0.367,16,22,0.727,18,39,57,28,8,8,11,21,19.0
22024,1610612744,GSW,Golden State Warriors,0022400072,2024-10-23,GSW @ POR,W,240,140,48,93,0.516,20,48,0.417,24,30,0.8,15,42,57,38,13,5,17,27,36.0
22024,1610612757,POR,Portland Trail Blazers,0022400072,2024-10-23,POR vs. GSW,L,240,104,36,92,0.391,8,34,0.235,24,30,0.8,13,29,42,21,10,4,17,22,-36.0
22024,1610612748,MIA,Miami Heat,0022400065,2024-10-23,MIA vs. ORL,L,240,97,32,82,0.39,11,34,0.324,22,29,0.759,9,32,41,24,5,8,11,19,-19.0
22024,1610612765,DET,Detroit Pistons,0022400063,2024-10-23,DET vs. IND,L,241,109,38,88,0.432,9,33,0.273,24,28,0.857,12,26,38,22,6,2,12,21,-6.0
22024,1610612755,PHI,Philadelphia 76ers,0022400066,2024-10-23,PHI vs. MIL,L,240,109,41,98,0.418,8,31,0.258,19,27,0.704,17,32,49,18,4,2,10,28,-15.0
22024,1610612751,BKN,Brooklyn Nets,0022400064,2024-10-23,BKN @ ATL,L,240,116,40,91,0.44,17,43,0.395,19,25,0.76,12,31,43,21,8,6,17,32,-4.0
22024,1610612766,CHA,Charlotte Hornets,0022400068,2024-10-23,CHA @ HOU,W,241,110,38,85,0.447,15,39,0.385,19,24,0.792,15,41,56,20,6,10,16,21,5.0
22024,1610612746,LAC,LA Clippers,0022400071,2024-10-23,LAC vs. PHX,L,266,113,42,92,0.457,8,29,0.276,21,30,0.7,13,38,51,27,9,1,21,29,-3.0
22024,1610612740,NOP,New Orleans Pelicans,0022400069,2024-10-23,NOP vs. CHI,W,241,123,45,97,0.464,14,37,0.378,19,21,0.905,7,35,42,29,15,10,11,17,12.0
22024,1610612761,TOR,Toronto Raptors,0022400067,2024-10-23,TOR vs. CLE,L,240,106,36,86,0.419,12,31,0.387,22,29,0.759,14,24,38,25,8,6,18,24,-30.0
22024,1610612763,MEM,Memphis Grizzlies,0022400070,2024-10-23,MEM @ UTA,W,239,126,43,91,0.473,17,45,0.378,23,32,0.719,13,28,41,28,7,5,12,35,2.0
22024,1610612739,CLE,Cleveland Cavaliers,0022400067,2024-10-23,CLE @ TOR,W,243,136,51,87,0.586,14,30,0.467,20,26,0.769,8,28,36,29,10,9,12,22,30.0
22024,1610612762,UTA,Utah Jazz,0022400070,2024-10-23,UTA vs. MEM,L,240,124,40,85,0.471,10,26,0.385,34,45,0.756,14,35,49,21,7,9,14,24,-2.0
22024,1610612756,PHX,Phoenix Suns,0022400071,2024-10-23,PHX @ LAC,W,264,116,38,78,0.487,15,38,0.395,25,34,0.735,4,38,42,25,12,9,22,23,3.0
22024,1610612754,IND,Indiana Pacers,0022400063,2024-10-23,IND @ DET,W,241,115,42,83,0.506,9,31,0.29,22,25,0.88,7,32,39,32,10,8,15,23,6.0
22024,1610612745,HOU,Houston Rockets,0022400068,2024-10-23,HOU vs. CHA,L,239,105,38,103,0.369,13,43,0.302,16,20,0.8,16,27,43,19,8,4,8,18,-5.0
22024,1610612738,BOS,Boston Celtics,0022400061,2024-10-22,BOS vs. NYK,W,240,132,48,95,0.505,29,61,0.475,7,8,0.875,11,29,40,33,6,3,3,15,23.0
22024,1610612750,MIN,Minnesota Timberwolves,0022400062,2024-10-22,MIN @ LAL,L,239,103,35,85,0.412,13,41,0.317,20,27,0.741,12,35,47,17,4,1,15,22,-7.0
22024,1610612747,LAL,Los Angeles Lakers,0022400062,2024-10-22,LAL vs. MIN,W,240,110,42,95,0.442,5,30,0.167,21,25,0.84,15,31,46,22,7,8,7,22,7.0
22024,1610612752,NYK,New York Knicks,0022400061,2024-10-22,NYK @ BOS,L,241,109,43,78,0.551,11,30,0.367,12,16,0.75,5,29,34,20,2,3,11,12,-23.0
